id,charity_id,first_name,last_name,national_id,phone_number,email,password
1,1,Robert,Pearson,2709247027,7992870216,andersonjohn@example.org,$2b$12$oeDwRdN6BMI7P7VpDumYS.lzaGWz8GN9S1LcOToAVEi233m1VYyTa
2,1,Melissa,Macias,9662759807,238-204-0195x7007,qwelch@example.com,$2b$12$uTgJkAGA3l/VCMY/gFMFdeTOUTBIpjNgbc/qlCjvsFVqAKnSFas9a
3,1,Mitchell,Davis,6813992376,(536)878-3874,haydenandrew@example.net,$2b$12$gSai4qxoip/0n7DU6Q0sA.rHGrSY.dV4gIJIKKECRIJJdUFGBmIju
4,1,Mary,Campbell,7360801308,650.658.8023x4913,michael96@example.net,$2b$12$t7V1FQnZRrDIFldB5gZ1m.uKig35rqzzyPqLGGLurfNz1zb0NbVD6
5,2,Richard,Juarez,3955981490,(239)903-7127x46558,hpeterson@example.com,$2b$12$p/gdHUc5WnVhoT34krRI7Orbe1ctxrmh.a5.aMZiMOLhJvwHFNmDi
6,2,Johnathan,Smith,7906726064,536.248.7348x6193,hardingsamantha@example.com,$2b$12$Bnk.qPN/EhnaCv783lgyYu/Dj.cL4eOa/N3IGBUl70xKUkFTfWD5S
7,2,Jessica,Everett,1357821951,001-852-586-8983x769,hardinfelicia@example.com,$2b$12$6XhapVd0naMPsim1JhDF3.kuVpR3EpG4PyEwSNC4Qq.Ff8BJ5WXne
8,2,Alexander,Johnson,4011860856,297.855.3228x04905,sarabooker@example.com,$2b$12$Cg5kUIbZZzvdKeVMlkRSYuxVssMEkPSDkIRh86tVV9QHa5w8vmjDy
9,2,Michael,Smith,0290506390,+1-607-780-2192x219,wagnerkevin@example.org,$2b$12$QX4mHgWuNZTBurCtPVQUPOQGshh0fB9nLoEHBKy95CSNItgVjaXZu
10,2,Cynthia,Johnson,8345354787,359.413.1209,lramsey@example.org,$2b$12$goE8RGDaLaj.Yy2MWnInzuPoQ6.2Rp.G.9JnsR0JM8yySMwFPugfm
11,2,Steven,Franklin,8438224146,(514)218-8149,claudia86@example.net,$2b$12$6FkTfDszp5ee.H9CMHaoGOhtxsbbJ159OfY7GBT.mVPd4FdV6aDEq
12,2,David,Finley,6161057226,+1-944-296-9042x74293,matthew86@example.org,$2b$12$OpyS9hoKsN8XsHzOPVR5nOw4k9.TGUx11XWWlTXRdUQZOOVr8LeAa
13,2,James,Velez,8681232740,(382)312-1515x6757,phyllispalmer@example.net,$2b$12$MAkuydSg42.Ly1AsFle0Fuun/V.FOVvaZbFsHJA7g6pBqL2oKVXCy
14,3,Brian,Strickland,7109550980,9209770243,iwilliams@example.com,$2b$12$2B.E0AOZllYknpRy.zZlDeGkClgAblTF6ELL8GXLm5TUshY2fOd9S
15,3,Brian,Conway,2647053993,+1-927-753-6362,beckerdon@example.com,$2b$12$qcJVG3VPZ7kB2ZDeYciCruxnzTH8GvzpLGVw24ArmTsb5X28fsCs6
16,3,Mandy,Davis,2201948071,(712)495-1997x8728,yjohnson@example.org,$2b$12$I4MaJS1BLXKTlfwfIhdGceR49gedv2rJh9lvYG2dAh7NrfpeeKvme
17,3,Christopher,Hall,7033432561,286-294-1766,estanley@example.org,$2b$12$nvQ46xTsTtDGAUrCENcPpuJj19X9dp/o58Jz6dvnEhMejDrLL8RlG
18,3,Michelle,Thomas,9997209962,757-916-9297x5691,yarias@example.net,$2b$12$ouKdEeMq5gaGHLSRWa4A1.HFPFY7r8QzBTX2J0gaIx4VEu30DdX2u
19,4,Brenda,Edwards,8415854557,299-735-7560,dmyers@example.com,$2b$12$DldZLgoCA8vTgrol8QsdfuCRZnPhVEYdWt91umGQSZe1gzYhur1W6
20,4,Melissa,Gonzalez,4173956950,(847)967-3440,blake92@example.org,$2b$12$/M4g5XRaSyhqxpjO8uAppetfZAbpkzwy1SiDi3m2dw7Fmpb2Wvar.
21,4,Jennifer,Williams,8238935888,865-573-2440x68206,stevenseric@example.org,$2b$12$T5aJRTFJv4D0ATe7qJ1FDeEmgvSs3.7t9G4kd3jglxPC1xQkcQW/i
22,4,Michael,Harvey,1949566168,(935)804-3685x699,brandy14@example.net,$2b$12$03wOhbPLrFYgiSYRogByxO/6t/66xwLYI51jPOHWYprVw9qqLTzXO
23,4,Gregory,Berger,3447636204,+1-337-635-6266x349,luke96@example.org,$2b$12$SPptmv7PtJRLR4kXynQT/OafTB/SJ.4Qu8z3S9t.GAnCTT70c5tfu
24,4,Roberto,Peterson,3047239114,514-471-4220x9633,oacosta@example.com,$2b$12$slsyxpLD5I88rT77epF/0.wN/hSa3m7dSWPjcBr0D41RLUjZFo9X6
25,4,Timothy,Pollard,1014883372,667-429-9729x43068,jeffrey65@example.org,$2b$12$.EQ2p5gSEJJlnPe6pJsTEu6zUnInbOiluAHZtG1LJp8V5sKmQesli
26,4,James,Banks,2978668504,8694591055,elizabeth17@example.net,$2b$12$vYmUGs5y41QYqDSz2.B3V.pImGJbCbZXTTkVsHQJEAX8sJ1NMXcn2
27,4,Cory,Stone,7906517271,+1-394-258-1668x21578,elizabethjames@example.net,$2b$12$hyvn9C7s1CC7ZF3yo9YBKOv/9bmflUV00mpStAbYqM8Rh896rFyNK
28,5,Paige,Thomas,6484583438,001-524-597-1903,david09@example.org,$2b$12$YIJdUuUK6tlY4Ax5x13QzejXsvgVMfEGmnIdGAppHW8ydQI78HLBm
29,5,Sonya,Case,2574126450,+1-773-227-6817x516,whitechristian@example.org,$2b$12$bUDGHq.EXfbBdEFcd/SQieCzZa9FMT9UqFWByuJnN7KhdfinvkcZu
30,5,Laura,Archer,4238766989,(573)768-5611x06701,houstonbradley@example.com,$2b$12$G5Wy2g1buZEKaqj1bZOkTef6vSW0H884EoWeOEfGJAIwlchWbQ6sy
31,5,James,Lee,0458642788,890-427-8907,sclements@example.org,$2b$12$kRE3AOas0bT/bSdbmFY7BuymawYKZqsgryDAnzVlE.rA1lERybXJi
32,5,Jennifer,Ball,4401390039,+1-885-539-3077x4480,wardkevin@example.org,$2b$12$d0CLgitSxcJE1Cqo1.aZO.jOOEGTpO4ssTV4HpW2Ph.TU2VcXiVx2
33,6,Ronald,Thompson,7032087065,(630)475-4951x442,john71@example.org,$2b$12$rpPKb7vBN2GG36V/0gVBOe6l16RyqH4Det2PFgspCHwberfAZ6.vW
34,6,Matthew,Daniel,8595959625,(740)308-0721x9291,dakotakelly@example.com,$2b$12$Xyp3NZt/WtdaiIA3/5XwLetBXpcWWL8EScGGiVsfCSXKVut/qJbBS
35,6,Kelsey,Carlson,2340717297,381.833.4845x5890,kimberlygonzales@example.com,$2b$12$vNm223diB4Vi6RTgkpzKcuYS3st.WM2UidjxjdLo3CAZ2KyZM51rm
36,6,Michelle,Harrell,3246887733,+1-707-325-7027,twallace@example.com,$2b$12$a16zwnhhqCt8uKI993J9PuzAbi8YPANZWhJ7t3GjWfOpKIfrDsxy6
37,6,Brian,Zimmerman,0708029834,(872)560-6639x464,amartinez@example.org,$2b$12$xwPxBxcYXXMooIEDy1RpC.buaoDA.kGVZsrJrWHc6FS897nDj2VqC
38,6,Chad,Smith,0288086493,675-533-7539x239,amy36@example.org,$2b$12$T5AB5tCLVcAP60QZw3GQZOupEuyZmJx3gVrFSX4.x8zTO3aLEvS5K
39,6,Andre,Schmitt,0989218576,(463)746-0591,carrie74@example.com,$2b$12$L6xFG5hUv3fUcZRT45ZK1emsiHaiQ2riyL8qoM/yDZaX67i1kqVGa
40,7,Brianna,Baxter,3580818736,659.549.4594,tfreeman@example.org,$2b$12$Yz29YcDjNTcwDHuohjga4O8sHfFCc0PMkz57QTr2t0Am5Sn7vY2S6
41,7,Deanna,May,0885078601,001-275-822-4917x5868,laurie37@example.org,$2b$12$u59V.uSz0ktYe429yU8A0.Ui8k1F7AqQ/Xn823pzDHV0.LWpUK1Me
42,7,Stephanie,Knox,6818973476,3579364616,macdonaldcynthia@example.net,$2b$12$4RZ1kNL10EC6Ny7GQiaipektUTmDpmpfYjUjPaRsblWRSLEckjE.K
43,7,Tony,Reese,4475046775,+1-596-902-7917x6347,ronnie22@example.com,$2b$12$YfGkstPIYLcq65BjL5w2Le/rbZvTY8N5FwBzMrwyRcwE1F9Y8HHma
44,7,Jennifer,Johnson,3286285123,517.366.0289,davisanita@example.com,$2b$12$HSN4ZYbCboMw3mlG8hMk4eQ1EVuuYcNdPnf3BzZXTR5UZ9e3hdKFG
45,7,Michael,Curry,9308225773,(214)590-2887x5793,smithmichael@example.net,$2b$12$VOvAzmRMIcxcpxlP43HnLOkqTCXNtijxRsXLpFfXKytSSHPb8rxHy
46,8,Amy,Moreno,6515042964,242-794-1598x6869,belltiffany@example.com,$2b$12$iN.iTkJGYCDrjw6eq8iBKueJPRNsQ086CM665GXl5tAM2RdbO4kvO
47,8,Anna,Blackburn,0672698236,+1-469-713-8782,kmcguire@example.org,$2b$12$MT3oF8uvq1xeO9uXO9d7rujrd4lLbDOG.TWjdWi2GEStq0bWDvCIC
48,8,Timothy,Powell,0984303570,7912351513,andrew86@example.com,$2b$12$DXWvakFtxMrgeveeTsS5duGqb8KUzj5PfF3cbc6EGRYnbFQidc.QS
49,9,Tammy,Massey,1262226544,267.959.1412x535,amandablack@example.com,$2b$12$y95uumW2Os5h28hxBHVzJOxNu4fjV7TBxjwuUtaCZ94ea33obs8Sa
50,9,Tina,Shepherd,3425615349,693.850.9910x6728,josephcooper@example.org,$2b$12$Coyux4kCFT27IpHj.0BWN.VB/lanAgIpDKzl9y8CXuxwNdDibj9cW
51,9,Vincent,Weiss,4061890400,(237)897-2966x83786,whitemichelle@example.net,$2b$12$uXpzTLDeK2kB01dXoau9Iex88Z9m97D5grc3p/bcAwIcnpy/FYjAm
52,9,Jonathan,Hoffman,8596726712,(730)592-9377x0396,alexander57@example.net,$2b$12$H3frh0kY9WMjyPuPLfFYx.13/kM80IdNpBwjf/6fl8TtzAhVjNStu
53,9,Pamela,Martin,1164387585,001-925-256-8870x422,michelle89@example.net,$2b$12$LET5pQU9uYDCAWMGLtLPG.0EWZRWfX2ZRgOobOTNilZdeO.YdgLRe
54,10,Larry,Clark,2409591821,+1-464-203-3650x116,angela35@example.net,$2b$12$hG28jPnaHCe8V0/Up3WJ3ujd4bslWXgJh5CO3vRk8ukP0gzjvn.7y
55,10,Gary,Fuller,2332277109,001-651-233-6667x25844,johnsonzoe@example.net,$2b$12$CW1vAPRXLDEOD.hBylS5NuE.KggIr8HlWaitIFD2MlEfVSr8WblBG
56,11,Tyler,Foley,4583777425,+1-316-370-0596x5602,jtravis@example.org,$2b$12$NbbgkkaHZ7mchNVZw3OjRuFuPAoOM92YotK/T98GB3dOF6aWM39Ti
57,11,Sheri,Brown,6807278608,450.856.0548x30192,amanda62@example.org,$2b$12$mbi0EDHVMJfvYWJ1/BC/Je4mu8iUgWDH4zvBVQYekWxrAucX7cU0y
58,11,Kelsey,Bass,0426016823,001-631-356-9803,thomasbaldwin@example.net,$2b$12$jMTNwLp8v055Tcz6cF4U1O.JrkDGcv/o7Y1EQ7JGFWhWjJaVbfq7W
59,11,Michael,Gonzales,3395023123,+1-622-858-3885,lisale@example.com,$2b$12$kntQp7CyiTOstX8OUHXWk.HEobSHi8XrFr7RYrTII/kzH2QFyMFLC
60,11,Sarah,Woods,0470403335,+1-703-367-4591x6468,umorris@example.net,$2b$12$UCXNgvyxYzC3AR6DVSB73eLDytxpkPmNGwwSBXkE69.Hy0zS29StG
61,11,Eric,Richardson,6702386280,5108020606,tyu@example.com,$2b$12$1FB8096DzXC76vDpwQkDGeytab4hReYnuzKeF4.zDHC1XxA55eBYy
62,11,Gary,Bean,1981525403,(809)728-8676,hansenmichael@example.org,$2b$12$oa/IhY5zSKrtI9aDP/jRKe2JrbOoBYty4MmirOmjPNVtX9x/9lUdW
63,11,Danielle,Torres,8379073100,2846658380,jeremy47@example.org,$2b$12$PZ7/wnH96iWNe.GtcAwxgOIIMA9S7aY3i1Sr7nUxySpW7RuMyM0Zu
64,11,Denise,Jensen,9480844348,+1-824-376-4613,kenneth29@example.com,$2b$12$T.UXouMguXfwUG4EBMVViOku1IiKHzLwYQr6cuE/hqUP1AZmiZWTC
65,12,Jeremy,Long,5699956633,5705340658,calvin45@example.com,$2b$12$URLdh/U99OUvdH3x61lBgeogP7yUQfGJuVlm8Js3QO0WloL3G1gua
66,12,Grace,Zuniga,1587722522,001-224-282-3912,jeffholt@example.org,$2b$12$pjQ3qNnhBy4KsQR8UN0gG.T2Z5hfAWCXI3KHp5G4IcCWIxeDsPdC6
67,12,Ricardo,Hawkins,3850369886,524.336.2912x8206,shelby54@example.com,$2b$12$GPfTBKFGIh.AWB0Fu0ZSae9YLWKPF0.deFDB6GEo9GCaU89Qh3mrG
68,12,Kyle,Gibbs,9833964466,(910)902-2575x7289,debramejia@example.net,$2b$12$F/J573Ep45Yvn8U5N4c1s.dUO6lU2GfsDH0W1lsha7Z95tFH9XXaa
69,12,Victoria,Huerta,9764798010,530.354.6614x799,christophergonzalez@example.com,$2b$12$pXedZnVFA88mvVOyowOR6eniv2uOLklhttjkCbxTzHg/o0VO40cjq
70,12,Troy,Perez,3997893537,+1-405-211-8817x027,jeremyramos@example.net,$2b$12$QqpXAXBF7EW5o7.rqiFZC.BcIKShiTMn3TDyUYRFIfAapA9DH6ztm
71,12,Mary,Dennis,8799190328,9824744569,ijohnson@example.net,$2b$12$BD2.nAq/4mbPnWw9MSERlOzFfQxwxyr3Z98oEjSZH7xdxECMveAam
72,12,William,Mitchell,9588570407,+1-724-244-3855x5594,carloswebb@example.com,$2b$12$pmLmWjwrvVhT2u24OOluw.CnQGZ9G7s73o0bYsRB2v4OvRDxp.Eza
73,12,Samuel,Hernandez,1207896658,(933)728-2913x7614,markharrell@example.net,$2b$12$8vpw20N23w8T9dNDCLL7M.L0oguKf4BEoA61RcF6j1eemAtdCKYpK
74,13,Tammy,Lee,2590265570,(570)554-1275,kathrynalexander@example.org,$2b$12$lrphlCRwTOMOPonqL4juG.i6Sp6.VlgVj.ZkAJ.yl6Zug9nnR/mVa
75,13,Katherine,Reed,2433344514,001-550-392-6039x833,johnsonmichael@example.net,$2b$12$Tn9BY6RqOpwDKfP/b49gROeHXtJjbWfl.L8nppN2qiSgJL0Guwbsm
76,13,Lisa,Mitchell,2249568950,001-312-583-1011x38928,garzasamuel@example.org,$2b$12$K85kjJ2wEIWN1q2Y6fNeAurt8.0X9HpY8lkpsXOfqMa9GMUpj9DGC
77,14,Crystal,Johnson,4392588402,(712)970-1894,sreynolds@example.com,$2b$12$jY3dUWALbR9X3a2WQweMs.1pTeETlNKVneQJkfmWnlS85Z9jytgzC
78,14,Scott,Clark,8187047971,001-276-707-7403x12775,laurie10@example.net,$2b$12$BgtxkOSQqJXwt8nN1zHuuuwFNpTBBDQYS/rUP.g1tfrAA7T2zQQUC
79,14,Lance,Lara,1235634387,001-383-956-5651x431,james88@example.com,$2b$12$C1Rtk9EU7xOO7HpX9btSlumsjYV72lX95nIQAKqW9GklCfRayp77.
80,14,Christina,Reyes,7251518482,347-225-4729,clarkmeghan@example.net,$2b$12$BVQnD1IMVva8XH.NHz.t2uO/4T45wm.3wB.qvANp6PzPF/K2oGbGG
81,14,Arthur,Marshall,7650605467,8585684739,lisa84@example.net,$2b$12$tQj5TY1GDMrkhGsVQI71yekVbZzDR4T54g6.tY2lNep1iepPDRoL6
82,14,Kimberly,Ward,6101292990,+1-269-832-7251x576,wooddenise@example.com,$2b$12$Uzr/VQ1yZkQ/MSkjPwR6FOdA.xzVmGcwWbhoUvDD.UWcYNbvMa2SO
83,14,Anthony,Craig,6679954583,447.822.0685x724,hsimmons@example.org,$2b$12$oqeKHcf9OzhPSrsPYhLv2.69pI9wg9v0JVnuLkf/Ee3menoQ923lu
84,14,Andrew,Doyle,7551701435,001-683-859-7093,zthompson@example.com,$2b$12$9JSqAO34/JR7EEQla9bwse7AWfjNG3eGRWVjEwZFnbsv1IHX.XJVu
85,15,Arthur,Sanchez,2477436996,+1-335-981-9435x148,millerjeffrey@example.net,$2b$12$M.5pHI1tcrmPC035QS/k5.kDGLYBJHvqJRmeNNTatRrrDatd0gK4G
86,15,Lonnie,Lee,7982426944,+1-760-910-5505x88680,rodriguezalexandra@example.com,$2b$12$lmxfsgoR9.1tEanc/DkggeJpoFQajrNXAc3z9Cus5lvzofXCSuz1W
87,15,Anita,Conley,1916696904,+1-466-724-6064x4927,francisashley@example.org,$2b$12$x52BXH8EauFes9p.mceKv.P3OjGonUBmeiGDvAZcGp90SDnpzH6Sa
88,15,Kelsey,Oneill,2165553611,288.982.0010x921,timothy75@example.net,$2b$12$aRAIAUGT6NlJlRcmU1Svg.QZQzA/vb5e.BWely8Kf0UZxl1kWWFdu
89,16,Abigail,Brown,2837052515,554.579.9253,jocelyn19@example.net,$2b$12$AQkau/lZHaRtRr91EHVQdu7ZxAC5BXRHM6KA8KKZOFP2yQ68ZpLsK
90,16,Jenna,Taylor,8172610461,661.468.6546,stevenjensen@example.com,$2b$12$Vb1dgsjLATM1UaRl4SgnHOAdOnMHAfX4FX2dL7lrIs2f6cyahfNv.
91,16,Stacy,Cruz,0593525326,712-426-8496,vdavis@example.org,$2b$12$2sYAOf0Hk6vvfCGfpmOcqu2XIG2FCHsIlA741Z4NvLWYAEAC9j0cW
92,16,Ryan,Davenport,4755833869,001-650-693-8001,flyons@example.org,$2b$12$aDBJFz0BEEm7YXZWqPa.O.KTP4b5JCsyCxCgtJEeP44S9bdosxi7m
93,16,Andre,Torres,8552175265,836.346.0063,amy15@example.net,$2b$12$OIojfnLpSyPE4e2tG0ZcMuQqlhl69ugKo9A1JTZM/0d.djLTEIEHC
94,16,Tina,Fischer,3581579098,5235390059,shawnwright@example.com,$2b$12$ah.Pu4Z92FlBhiesmDv8PucWREwh5qc91Iw51K0OJa.uezih79V2i
95,16,Carolyn,Bryant,4474310619,001-525-245-8772x850,kaitlinsuarez@example.org,$2b$12$rNvvm4CjCVgJRnmv4HjqO.vSWHt9IGjfhUCXbHgY4gmMcxv.H16Ay
96,16,William,Sanders,4123218096,+1-729-443-3620x9461,taylorjames@example.net,$2b$12$hr7FRvUJ4OStbjRKyCIdKu54uNC8Kg2SjSaEE9IDw2X/MeXr90YiC
97,17,Timothy,Curry,9151998181,001-722-466-7447x95481,johntran@example.com,$2b$12$Y17tP/iLkphnzcGD4rnfvu1FmQkUIH4EA9l5.GW13jKYcT3mkiThG
98,17,Jacqueline,Jones,3765855002,001-858-826-9003x0540,larsontara@example.com,$2b$12$817Ah9bmBpjzPDoE6u2/X.DlTPGBjmuwdCmLfyadGnW1gZEJhlM06
99,17,Stacey,Yu,5578533858,(799)266-6603x8604,madelinesmith@example.net,$2b$12$/V31/1fi59Dxad/WsFU6.uxODp0GSu4NxD0ZNehU5UT0qZGo/Tufu
100,17,Mary,Taylor,0477668476,569-972-5519,baileyfelicia@example.org,$2b$12$ZUAPN0E32fOh5Er75smqoOIvnHX5iz6KraMIXOmewWz8gzSn2/CYm
101,17,Thomas,Haley,2402795371,001-703-724-6777x9511,meyerdenise@example.org,$2b$12$rVdPWZgs9Wbv0iSC06xsJ./fRCHTcAyQTd6zyrdLS2Yzw1PZ7Fyey
