id,name,phone_number,address,location_id
1,Guerrero-Wilson,427.531.1297x83311,"USCGC Kirby
FPO AE 37466",1364305026
2,Brown-Le,001-708-617-8159,"6310 Lindsey Grove
West Angelahaven, NC 22717",1364305026
3,Berg Inc,624.445.1477x9973,"852 Brett Branch
North Drew, AK 56122",1364305026
4,Brown Inc,850.586.2148x747,"5236 Kathleen Crossing
Larryshire, OH 11005",1364305026
5,Ellis-Walsh,421.240.7757x379,"20120 Wiggins Gardens
Lemouth, IA 75343",1364006067
6,Brown Ltd,949.395.5249,"7874 Evans Plains Suite 290
South Andrew, IN 70833",1364006067
7,"Gibbs, Johnson and Murphy",362.419.4578,"090 Noah Club
East Linda, GA 98378",1364006067
8,Barnett-Diaz,9642165066,"23939 Justin Vista
East Kenneth, NE 56539",1364006067
9,Martin LLC,001-489-610-8797x1872,"77136 Garza Cliff Suite 330
Turnermouth, RI 07983",1364006067
10,Harris and Sons,998.991.6928,"87461 Hall Flat Apt. 291
Christianville, SD 68888",1364006067
11,"Novak, Frye and Reed",2424020199,"0397 Johnson Road
Ramosmouth, IA 36134",1364123206
12,Velazquez-Jenkins,+1-584-242-5127x8081,"8966 Leslie Points Suite 789
Horneberg, AL 07224",1364123206
13,"Scott, Morris and Hernandez",+1-748-631-9311,"516 James Ranch
Hansonhaven, NC 07538",1364023865
14,Lee-Weber,748-468-3148x78625,"1499 Kathy Oval Apt. 746
Jesseside, ND 75349",1364258511
15,Brown-Nielsen,(801)531-7014,"515 Estes Coves
Jonathanland, SC 35123",1364258511
16,Ford-Palmer,(698)226-4781x4344,"Unit 6207 Box 7546
DPO AP 71091",1364258511
17,Zhang LLC,204.857.3316,"7605 Taylor Gardens Suite 423
Dorothyport, NJ 91274",1364258511
