id,name,code,phone_number,address,location_id
1,"Hernandez, Byrd and Castillo",RC-09296,7566736168,"USNS Carpenter
FPO AE 08865",1364305026
2,Walters-Mcguire,RC-74722,634-984-0821x9252,"20801 Evan Lane
Murphybury, PR 66744",1364305026
3,Martinez Inc,RC-36640,483-355-0356x86657,"6483 Margaret Crossroad Suite 777
East Erica, PR 87770",1364305026
4,Bell-Jenkins,RC-61205,+1-841-306-7063x33789,"59337 Paul Forge Apt. 587
Lake Michelle, WI 66862",1364305026
5,Douglas-Mullen,RC-08529,001-334-912-9980x17118,"6584 Caleb Green
East Stacy, NM 60034",1364006067
6,"Owens, Bradley and Foster",RC-60367,612-992-2247x4387,"20280 Jennifer Valleys
North Tanya, NH 30561",1364006067
7,Garcia Ltd,RC-19800,+1-839-901-7448x00905,"549 Bowman Key Suite 392
North Caseyside, IA 54102",1364006067
8,Johns-Jackson,RC-98207,+1-278-323-8322x64442,"538 Jones Streets
Samanthaside, NM 16639",1364006067
9,"Lamb, Tran and Blankenship",RC-73103,568-222-5382x51589,"4182 Hall Fork
New Paul, MT 48418",1364006067
10,Black Group,RC-42766,262-498-7776x02621,"PSC 4465, Box 0621
APO AP 68645",1364006067
11,Roberts-Sanchez,RC-45091,9836635529,"4898 Brown Tunnel
Miketon, WV 05929",1364006067
12,"Welch, Garcia and Harris",RC-49452,287.998.5447x120,"710 Vernon Hollow
South Victoriamouth, MA 81819",1364006067
13,Simmons LLC,RC-53732,+1-921-954-5540,"169 Meyers Courts Suite 808
West Dennismouth, OH 63532",1364006067
14,"Diaz, Torres and Dominguez",RC-33886,881-571-0902x1935,"5486 Taylor Knoll Apt. 663
North Briannahaven, UT 65422",1364123206
15,Clark-Bishop,RC-49800,(983)527-5532,"PSC 2970, Box 9150
APO AE 95992",1364123206
16,James-Blanchard,RC-60812,316.884.3930,"834 George Way Suite 375
East Andrea, SD 91107",1364123206
17,"Mcdonald, Bell and Anderson",RC-63433,001-602-999-5293x26143,"06344 Elizabeth Gateway
Annettebury, WY 83285",1364123206
18,"Wilkinson, Martin and Griffith",RC-82033,+1-943-523-4289x55507,"8062 Jackson Mountain Apt. 834
Woodmouth, IA 81668",1364123206
19,"Herrera, Norman and Jenkins",RC-65365,001-900-502-1331,"353 Brianna Vista
Nguyenborough, AR 77742",1364123206
20,"Lewis, Chambers and Simmons",RC-89525,360-515-7422,"23385 Martha Glen
East Michael, OR 01176",1364123206
21,Hernandez-Gonzales,RC-38220,001-862-517-6897x9493,"83461 Cox Points
Lake Donna, AK 10142",1364123206
22,Gomez-Garcia,RC-70475,001-254-970-3256x599,"4549 Mark Squares Apt. 957
New Marilynfurt, VT 85199",1364123206
23,Fuller Inc,RC-93589,595-208-8786,"860 Green Mission
East Carolynhaven, CT 30228",1364023865
24,Thomas Group,RC-81995,587.348.0341x56717,"24213 Joseph Road
Jonestown, MN 13171",1364023865
25,Conner-Cole,RC-18694,399.974.4082x748,"USNS Gonzalez
FPO AA 31733",1364023865
26,"Dalton, Johnson and Paul",RC-46719,+1-681-671-9691x131,"9099 Nicole Streets Apt. 455
North Ericchester, DE 43007",1364023865
27,Brown Inc,RC-73946,+1-661-870-5382,"880 Nathan Branch
New Angelabury, NJ 31029",1364023865
28,Williams-Shields,RC-11726,001-350-990-9934x90407,"603 Jessica Forest Apt. 929
Danielton, MD 77748",1364023865
29,Rush-Mcintyre,RC-58885,718.606.1742x9253,"780 Foster Well Suite 161
Port Tara, NV 98997",1364023865
30,Duran Group,RC-32970,(374)344-9702,"2948 Thompson Mountain Apt. 742
Whitakermouth, FM 02237",1364023865
31,Lawson LLC,RC-55728,332.606.1123x46871,"3521 Melissa Fords
Lake Alicia, NH 96401",1364023865
32,Thompson-Chambers,RC-82880,(769)641-4664x6393,"9646 Simmons Key Suite 606
East Michelehaven, WI 15808",1364023865
33,Williams-Fritz,RC-12229,(535)725-6606x721,"918 Waller Junctions
West Ashley, OR 15703",1364258511
34,Hernandez PLC,RC-55943,+1-747-769-9119x129,"USCGC Clarke
FPO AP 21599",1364258511
35,Lewis Ltd,RC-82580,001-226-839-4942x913,"88231 Stark Shoal Suite 891
South Michael, MI 55728",1364258511
36,Stevenson-Gonzales,RC-53532,462.927.3313,"16915 Ashley Forge
Lucasberg, CA 92821",1364258511
37,Wyatt Group,RC-68611,406.292.1622x0215,"39837 Tammy Course
North Courtneybury, MD 15509",1364258511
38,"Cole, Lin and Reeves",RC-90202,(554)203-1749x096,"399 Adams Crossing
Martinezmouth, MP 03710",1364258511
39,"Morrison, Terry and Ross",RC-13529,(984)409-9364,"USS Morris
FPO AP 95150",1364258511
40,Williams Inc,RC-85557,672.803.7609x0209,"53463 Harris Ranch Apt. 075
South Kaylee, PR 38249",1364258511
