id,radiology_center_id,first_name,last_name,national_id,phone_number,password
1,1,Melissa,Lawson,6489975291,6938641862,$2b$12$CHh1MXjvW.vaQ/jxvO3p5OJXfdBhyr/BzQHchrzbWvfZ2MxBIkoGW
2,1,Antonio,Taylor,4364321447,250.965.4406x931,$2b$12$6IHNy70Dr9SKUAawO.VGWOr65Wdx487luLrmvVRYpMD9kO5m5ehNK
3,2,Kenneth,Wilson,8861238665,(318)259-7038,$2b$12$vaQiD8NNjFyMvufEds7ipOheiUXdraWlq9SGQjJmUcHc1MqjyvUAW
4,2,Kim,Hayes,5407719435,+1-236-512-9650x66314,$2b$12$H5qQEyoRj3tQCQbIwSHzge78q4w.WbVmb7iamtPM0q80O3ILj4Huu
5,2,Susan,Frank,6549929384,+1-878-864-8120,$2b$12$SeYRZG5skVxiziWLyVafcOEo.cJZCRrhaZJ4nSHDxuBgWN8Cv8hX.
6,2,Michael,Chavez,7399262153,865-321-8839x8869,$2b$12$bByTkMYUAxq7jHymCxI3RuTqdlLNSFA.tarqUMmqfoZUIb.YwAuAe
7,3,Joseph,Potter,4663119860,530-978-9540x376,$2b$12$Jeod.zCNmvZnK0ZrySqBs.4.wIQ/Djmlk1cPJx/K9oS1DhMT.sD4i
8,3,Steven,Wiley,3997326132,001-488-339-6510x8763,$2b$12$oMEzVZDZT50UmLjXoPXkUu45so5xNp8Hoq707wQCxA42jFMzf58EK
9,3,Charles,Gillespie,4609406814,001-201-546-1503,$2b$12$tiOO.2PqUgY7NjCUj7AcIeFhaiPPoNwPY3K8j7KAz0hT0L94vDUgK
10,4,Luke,Johnson,1087921495,731.972.2893,$2b$12$hL5BrFOmcB6hGiMILQsHre5PfUkZNY94KOYCkO8Lu6.X/VnB26a7e
11,4,Kimberly,Miranda,1009418301,001-517-457-1719,$2b$12$3K5gMXVGmegDVYwdHZjo2O.PcIWBXNDR42xcawzRguvZBrzAATNwi
12,4,Valerie,Price,6699056708,+1-565-377-2053x0426,$2b$12$lJLAux9knOBovinVC0PhX.2JTaGORtIVI2M.fGGmMy4GZ5U2Kvbwe
13,5,Monica,Watkins,1445863504,(426)560-6212x5320,$2b$12$8ytb3FmSDP0f6QWWMnoK/uB2XKL2bTp49uPYcGzdRt7Y8RNIWVaDa
14,5,Scott,Williams,3496070428,336-367-4342,$2b$12$F7p.xKVGi7wmmbfZ.ZLApOq7tLxgRo.Ss2X6/Kl4HHxOUnP2j2DqC
15,5,Veronica,Glass,1501296858,(575)488-5437x991,$2b$12$HwkbkgEQ19SYZWZ2lDbVEO5WfzOai3QVm23mpNRGx0pcfTy5CXTvS
16,5,Kristina,Chambers,4306215359,474-975-3187x23651,$2b$12$.TBma3LeHBpg/idMpEHPgOv2Em3WqXTyQebN1EKSpq/QVou6iGSGG
17,6,Amanda,Young,6632471405,294-450-5669,$2b$12$IIFvdag3736RJI1F8LPUG.0dyLQvj.UBEUhzCQLCdx37OLl2Zlwfa
18,6,Charles,Reynolds,3328289968,374.974.1647,$2b$12$pNWzHfKyzIgDOlQVAORBXeFCPA8eVqcjIMokT2fSLUUzaDaegae/.
19,6,Alexandra,Harris,8726015856,(698)976-0133x67554,$2b$12$75TQl3KSFhnsFV2SUtMdO.p6nEzYck84M.wY3FqhLL0aErKxbUmYm
20,6,Thomas,Woodard,9936428538,(681)297-4333,$2b$12$iNxQQFtUnAuUj2/JkrA5dOFflrNlHOrT3j9t33SOHFxJJpr01pp2a
21,7,Robert,Simon,5060070466,001-600-622-8963x22452,$2b$12$fdLonA/qbhg/uSlnb7f3ceO0p7N0NaEOavPp7yWTNq3/z7TDrm54e
22,7,Daniel,Ryan,0386986343,(818)615-8363x49838,$2b$12$7mcGTTLfAgSWnTx3J4sh5O5CR2icWZpDSQJJIh2zVZ9xGFNezBFDq
23,7,John,Stevenson,9526459348,929-918-3717x262,$2b$12$oFk35Y1hS2s5xl6VMAxsWe0r8wnt29UC6yurZXMkK0ANNCT89eywy
24,7,Stacey,Cooper,8345360401,284-537-7292x0015,$2b$12$d0AV2DCoZL017PeYlCwqH.KUMc1/vC.KAz.BbQRKl.CwaQtMzYQLK
25,8,Sharon,Greene,3011087636,+1-945-950-6045,$2b$12$6RtALIaw00l2ZQLuE6JSye1Jnloduf4H93Ubx1vjimVJkHkNBWMqS
26,8,Jesse,Salazar,9449768242,557-523-0055x079,$2b$12$X7Cx9tSPU4jtwHbg2kC57.ap3NGuOYt/Pt1GRuEPeno8pbG5odAFC
27,8,Spencer,Thompson,4065682771,001-859-358-8224,$2b$12$SN5Ri8sixfxcKMzc.Ix4YuBzJ0ON.W3wmr7BBjUlDAskIA.go99fO
28,8,Alexander,Sherman,7894723380,+1-795-234-6426x44821,$2b$12$NI8ErQ5sax7FCDZGEtM7PuwQfhTeB3ORzGSEYefQ6sXCEbAdLX0LK
29,9,Darius,Mcgrath,4674536999,9536632867,$2b$12$RAm4LZ.EZcWifIIkKNAHMO6AOo0ISOEE.ofByIxj.l.Wvs8A4VDOC
30,9,Peter,Williams,2522196781,220.870.0917x6533,$2b$12$U7EzGjIVwAA1HdWNyxz/nuTCSFHMLWARN2YSV2twbkdxeJezyE.CO
31,9,Antonio,Chavez,4171606311,+1-730-349-2863x597,$2b$12$HNkQ2yNCTBLzn2J/JWZjC.tfAWRp3XIKX9.zUx7FD/H0aTYYzE7vy
32,9,Laura,Barber,2514494177,784.529.8280,$2b$12$pui16u.r4HmggEhg0vtcp.4BbQMNTRi7ODWEuuq5F.8bKboBJbxF6
33,9,Thomas,Gonzalez,6145908140,271.236.2343,$2b$12$/1vB3kMG1w6kq0AkjBd1R.IGYnHIvB/9qnQ9wKsvPky1D2fko8V4u
34,10,Nicholas,Hunter,3388119502,363.675.5189x50774,$2b$12$4u4qO5Aqu38ohUPG/rgKeu13BEjc7A5x6t23eJyacvt1KhtPGcldC
35,10,Austin,Bryant,2735557024,496-738-4020x60617,$2b$12$C56X9sGL8xky5fMWQAlADuRBqPQblsICrJTB5IuL200fSGyC2KYz.
36,10,Jennifer,Sanders,2873435030,399.394.4463,$2b$12$cYVquHdbkJeIjRPjHtpl7.kKf9nwHGvJv7cpwwYVwRcB3uu/IZMC2
37,11,Brian,Hart,9605416514,949.652.4653x3063,$2b$12$ZLaX0I./3OwkK5IzW91MCOewrEEedG4USRgNKvSAlBWhm1u78Id3e
38,11,Carol,Gomez,3104776934,368-541-8013,$2b$12$G370v6n7ZwDJQD4S/BBzLe1mg6a7LI9JaXs5d2N70SsaZJmt2lca2
39,11,Christopher,Thompson,9396111851,710.568.1889,$2b$12$4bJKatdWezYGXXIRyI17eujhmjKxcPolKHKpqBSm8Lop7GxBXGegu
40,11,Christine,Stone,1036934592,914.258.4366,$2b$12$zIJFR9JAwTe.shFwq4MsnOd4EeTWz83RxeVMzp2YlxgBHOGBtqOBW
41,12,Scott,Sweeney,5125015148,+1-317-662-8274,$2b$12$BFQEJKT0HLzdZTHL2EIklOYlZ/TGYGK7YFfq347.eZbulBasb2Iq6
42,12,Brian,Buchanan,5494721271,5953047241,$2b$12$mCr3ElryXLy3VPY0v/pKjOLVKddTn70EnhxQ6mf3TvUW5M3V0Y.su
43,12,Stephanie,Hughes,0380543974,8498099092,$2b$12$OdQBbK4m.uMslW9dz86M2e.of6jnvnSG4DQeMPLSif8og7e/PZ3ES
44,13,Maria,Barrett,5493417403,252.987.2386,$2b$12$Ruaf97sCRI8F1JCd4mm.FOIpfDWwGjanBnBQc1N22z4L1jY1H0qVu
45,13,Joseph,Tran,7052841148,951.452.8849x61806,$2b$12$ZuNehbcut4EDx.nclWJhCOjpXuYRAxvvo8dz04t1/6Ud8aNIAq1vK
46,13,Heather,Martin,0328673425,(539)832-7761,$2b$12$f.qyVU1Xbfo/Aqvqk6ZUhOGC6q3oJCeF6DM/duxc0pyI2kM1Tg45G
47,13,Lawrence,Thomas,9507122265,527.679.6605x350,$2b$12$ENjHbteOClK94b7tbB.Rjeo4QDELVcblXpdbzR9t7sT8/YzOp/uzC
48,14,Katherine,Ryan,6615149440,999.859.6349x2193,$2b$12$gcL4WsPYYIjSirKH3qGbx.wwqD.E88HPHO7ZtGGm1BDvFT39f4iye
49,14,Jacob,Thomas,2746118501,900.913.9677x88452,$2b$12$yhDtuuL01QJRfbtuGiAwxutV9X9Ahw9rOt8mgXpHyRBmXVsYAbxWa
50,14,Samantha,Gibson,1510919997,424-782-6250,$2b$12$lIhQiKiPrUn8fvPQGTZvm.7rgfExfQyPeFg5/ooqcw1LZXpJJwL2G
51,14,Patricia,Terry,7101358114,387.541.5481,$2b$12$hDBrwvE/s2OK.hL6ahcXu.hLF5KojBa0IvDVNiUItXcPThZT/v5qe
52,15,Steve,Zimmerman,5319079946,284-509-0447,$2b$12$/K3BUxbJcZx8Js0PVOQmwurH.8QUXUwsHzMpNWRfRSsB9gaVnO9kq
53,15,Stephanie,Hansen,2486109196,001-207-672-6514x192,$2b$12$OAmeudqIWjMFinLB4fS/nO4NwxoFNWeaOLzzZIZnFgKeahnTmLKU.
54,16,Dylan,Bell,9832662368,232-281-6223x0460,$2b$12$NI/4eGOV24GySgCprW3Py.LJD7MQlYtU8wtYIz2Bt.RNs9TAQDgJ.
55,16,Stephen,Smith,7553014933,4802537140,$2b$12$QShTVm2BUNjkm0bqivsmz.Y8yysK8C8y2ipPglJPmzRHBKM0XYtT6
56,17,Shannon,Gray,7624337277,7596129452,$2b$12$4pOyRhU4J9NM.jX76YUA0uU2imEwD87sBikJNaNuljazbffKx2kgG
57,17,Andrew,Galvan,7620740379,+1-917-509-1106x570,$2b$12$jhMf49BQJuZ4iErnD3AzcO8nfhrj5kb0qZ668CCNR/NTWCD9MVMUK
58,17,Courtney,Fernandez,4587150291,2566754052,$2b$12$rlibTri7BS5WzwHSEyHWC.7MqBXa0z1RW6pDAvqmfeO68DSxNK2nC
59,17,Megan,Ayers,0160430644,882-511-3108x85526,$2b$12$F5SvlB4qhbJYLncy/27jgOnAvcfqsBv2v/ZHdLLSTSSHXmHpN8rFS
60,18,Jennifer,Henry,4219120411,001-633-611-6867,$2b$12$zeM5Kgjn7Mulc6DMFNxFau2v57bT3iaA5SX.3JKx4FuG5Lema.e/C
61,18,Patricia,Jackson,4678498396,811-556-3063,$2b$12$F2mia/Ecu4nhm9sEXTdLOeiD6H3Dh46DUk5FlchGx67hb29y.NS8y
62,19,Gary,Cox,8865105557,658.963.4950,$2b$12$ZEpEn7RWRVRmadxvqmdGqOixqx0xdy8u4W9gMd3kprXH67.5QgzIq
63,19,Kathleen,Sanders,5669321629,732-213-8396,$2b$12$boKSCUsSQ4fCpbxDsmUz1.I.jNa3kgk5rY1fOQE3qV16n8Ru2Eq5e
64,19,Tina,Anderson,6263246351,726.411.6903x542,$2b$12$FELKqphp8u1AYsstpJ5XleaYBITZwTgC171WdvT.A2n.Bc/n31Tl2
65,20,Kevin,Rivera,1332446716,867-617-2299,$2b$12$5d6APGttBiAO1XATS8B8E.k/bqcyNL302e21g1gzOb0R7bDhV5.Ye
66,20,Brett,Burke,4894550345,+1-500-794-2206x4291,$2b$12$1aXtgzK4Y4MDiU9N.dqOB.PVAQBabyjJK0Ve1THNps.dTdHJKbkzO
67,20,Stacey,Ibarra,5591613168,721-315-8999x3902,$2b$12$bbQjsdSya16JewVnBi0TteAcIh6HyCQTQuDR2Jiw5fAKIvQBLahy2
68,20,Stephanie,Everett,5768133107,001-509-512-8341x1308,$2b$12$Ash/nA2tgxDyE7jk/SKaOe5J8HrScFMwDPz6QknrH2HCG1ZX60w0u
69,21,Eric,Hale,1379310022,727-265-8163x8944,$2b$12$2AKAkD16skWCdIfRHRYLXuu9NRPTHMroaRg0qEaHM4DXg1J3.qQ1C
70,21,Michele,Hernandez,9134657111,334-483-2988x87161,$2b$12$uCrylillFdROUptr9q1TcOthRhbkdqk4dxkEkpiZKTHuUqk2pkpaC
71,21,Jill,Blair,9084254886,+1-357-914-6634,$2b$12$pot2.0m8H.1lvgazLs86fOCQ5MvJb8jNzr5yecyDYmdownlUeqtDW
72,21,Steven,Tran,9700561671,001-382-744-8448,$2b$12$jJRnDSsrcI7KaErB/y/45OKpBjW32sYri5Bu3AZq7A6LK9.riSef2
73,22,Sarah,Hernandez,1858929513,(774)522-0575x922,$2b$12$UqkBf04BwvyGIR7iNVIFT.Nz4pDgipftnvvWvsWCvlrtgoUm2Mj.W
74,22,Christian,Diaz,9736088634,710-820-3082x1684,$2b$12$KDZGWw53l9TXMJrjlNP6Uu/H3cAFQLSyTcD73pzY3BUoe5RBR2Cnm
75,22,David,Walters,5252657471,270-442-1225x53221,$2b$12$C7pk7pG8iDHbb9Vm1ShN/.YswBOtPt0kGw7GcQulMhDD9BXgGLCym
76,22,Stanley,Sanchez,4346179686,001-604-580-6811x7004,$2b$12$NGMB6OmFrk9nUGKMjNngceDnXW.JfQqE7pMk7fClChJpPsHxbWFc2
77,22,Mary,King,9900017477,(499)688-7343x02338,$2b$12$4eo81FqdHnwormmxSGwYC.f2nIq8nmETouLtNyt7g8Jd.TTYYM4Bu
78,23,Brittany,James,1411703015,(224)806-0042,$2b$12$rnTYf0dbfAcElPJL.A.Sh.v07NGecEYt/lP4jXbJ8OcPE2glFp7qq
79,23,Samantha,Jackson,9869383242,001-918-877-4323x8907,$2b$12$ylMIX/2XT57kJM9mHtoN6.th4HrkVy09Uia3ODWGIAmI.fu27QenS
80,23,Thomas,Bean,7381869283,9793380518,$2b$12$HA6kHf/OB6g/qF4JeOCnKOm1u1MsuMlxJi9NvM/Jttq6XpDe1mBsq
81,23,Jacob,Reilly,5788761216,691-903-2078x0353,$2b$12$XRNYFSwDZICPLUuMAWu/de8IbFSDaQQ5zX1hqDW9lzICsdf83BUmO
82,23,Leroy,Berry,6179767065,371.259.8065x0680,$2b$12$/uWaC/PXBaHNkjhgsLiqjeInQlYUjBf/cDg8bjODmjj0UO9evGDjm
83,24,Jessica,Williams,7292769742,+1-755-519-5938x1359,$2b$12$GyD6Cw225GHiAFM.TzDjlO6FlpW.5lMM14.xoofcgj908Vqj2NGhm
84,24,Roger,Andersen,1034226412,8944884899,$2b$12$2EjM/4dK2uAdvkAKJNDXW.ouVrpWytwGWfrHYRdxJ7ny4WCZ3vW5u
85,24,Mary,Perez,8304374987,715.757.7004x1323,$2b$12$xw8BOEvqiaSDyzzFmCrC2OWzDlnzsnIWAaw.c4NEE0mIv0TURRtMi
86,24,Kimberly,Knight,1707205836,662-629-1255x161,$2b$12$e0Th9g75kPQkFBcglM9dnubRgAxFqajBUd2gh6WJ6n6wr7nw0nZo6
87,24,Timothy,Franklin,6860541897,5434310143,$2b$12$TmOwm0iQu6w8XxxeWQAPKO8fP3OiwR5OfDkdhXho2nPrOTATNnuCW
88,25,Stacey,Espinoza,4682406743,797-238-6839x162,$2b$12$e0tsnj3vtVPfDB7rL5NyUecRJ3xhDlwoyLAU3H2L9ZqOQbMSmy61y
89,25,Anthony,White,1984878175,280.787.4339,$2b$12$xVVz5OQ5VWyjrUxsJhsRkup3RkmNVfnK30BYG0DvW8Ylb8rTB/5Ha
90,25,Angela,Harper,2348357158,468-867-5577,$2b$12$wEMYmJNa8waOwyOOS/95heCUyHY8cBIjZt.HnHZ.i0SAI9ZBLemQu
91,26,Sara,Moore,6181129590,689.236.1842,$2b$12$X0of1mI.KXfUYS5Jqy4F9.KS1mR.HRnGB.RbYWddzlTbB8WpPvD1i
92,26,Catherine,Garner,8428006802,892.871.2345x13160,$2b$12$93nWoDz6S7pAn87GFlCF1OpvBO0MMUtC8QSco1sFOu1dfncvOpley
93,26,Jerry,Cox,7059988054,(767)845-2284x1190,$2b$12$Mki00dv78ufHB77bhk7YbeQrctCTd1A/5jIiNfDCxRxY7PPwg1GZe
94,27,Christopher,Harris,3192924586,+1-365-207-4829x863,$2b$12$dHk8H1iQktUXbNajEC6KdewrBZCOsYyBuNbY9MXfiZ9M.s2BqG782
95,27,Amanda,Black,5548880346,001-457-802-3157,$2b$12$I2NnphT/lyQ8Muf/HE8CG.Pw1Ftvlj9QTA1Kq/uTCuIs5HPPiovbe
96,27,Angel,Martinez,9620597058,001-657-570-7938x426,$2b$12$r8YlvAmp9PABxCUxwtYldeFKZALi3kQgiH2.Atnj1UpOJSljW5rIe
97,28,Andrew,Carpenter,0630300499,716-240-2765,$2b$12$A6OEDXKGsN76Krrigm2A2OEDdCir5S409diVhabsacUyeq4trQMdG
98,28,Ann,Jimenez,7939485597,001-878-931-6732x958,$2b$12$XVJticUsV8kt3hSsl1EodePGsiZFbeiec0Q7TMiZspd0BPMQg77lW
99,28,Mary,Briggs,2100980174,+1-339-570-1307x14979,$2b$12$9dSKhzmaJKLuSR3Df/lm7u7eU2VzgFaPHKL3JNkrvj6X5VH5imCJO
100,28,Laura,Brown,1309905884,767.394.8493,$2b$12$WVW86DbfDuKEJ.e/aXWCquyLpHto72.QCgx9Q5hsfGNoSmpCA6rz6
101,28,Michael,Sherman,9632116484,3774925043,$2b$12$1byKxA.q.R/ZJIETHzt41eCm8TY3pSGGwVCfw3o/2601pQB04bmn2
102,29,Daniel,Bauer,6753231129,911-463-6963,$2b$12$q.ZM2c2aokAOkGXMkuPwX.eNd8JpUmTQcq1wjW1X0iKKGBCexT8Xi
103,29,Craig,Mitchell,8898726445,741.349.4739x70624,$2b$12$PNcjMl15/ItdJN1q7aRDae17hJFj1h9Dm8hSCRErZAaK5PRO/R3jm
104,29,John,Hogan,4471249201,906.516.6139,$2b$12$G31t7qak/AA7MoVW2BrDLuXGcjGE.FXn0Jkc2DkVSnYSOkMBLUFf6
105,30,Chad,Decker,5289909342,(699)326-9526,$2b$12$0SttqWEoYu1rwPyJR4pzaOEtWHKLLZ.fQ5uZPffU8FtbilKkJpSRq
106,30,Bridget,Caldwell,6056193143,+1-367-311-6606x36162,$2b$12$tdsbzdjM.3Lgj2I.bUvoXeFvzjiCMmKNa.vKt5H3CO9Tme856LgsW
107,30,Zachary,Rodriguez,8322827494,395-693-4476,$2b$12$E0BXzcRvY8swRu/zrNhwFutErf/ugkzn8Cnw.npLuHA.fEOp/jqRW
108,31,Thomas,Mccarthy,7285876956,968.700.8555x048,$2b$12$aDRJlpPuyZ/oQ39iD2GTOux59W9JZpz0ZgeNl214Ykx9HTsVfJLSW
109,31,Jack,Lowe,7424880639,(217)963-3371x57965,$2b$12$o.FDhuc9SxYjB6hbgFRvruv85QjEV/ZXbKuba53HaF7drfD5/Jeke
110,31,Joshua,Duffy,5786644524,(299)432-4942,$2b$12$IgIVzanNZQwcL3QbSNCQsOZHK5Fg553k0XTnNb81RwOVgONnm0n0C
111,31,Nicholas,Lee,6932769409,+1-578-756-4651,$2b$12$W8DnNEeH0L4JJFSoWJbp7Otz4M9Hr0UXd3xE/jpqRRAgt6gDQgKLi
112,31,Timothy,Andersen,0400146218,6668490594,$2b$12$Gc/2W3Akjf534fWrhwNDcu89u8rm.SCTrDl.W8.wCHY.3SFzzWBwC
113,32,Jeremy,Jones,1101861393,395-993-1307,$2b$12$EL4mD78OYhRsfN26SIa6hetQ0QQA7UZ6/bg1mxTqRePk3Yis9uTkC
114,32,Cory,Williams,4213171731,505.747.8719,$2b$12$no3DXRqB6gcQaJR1x7.ymO/2Zg3UAam9C6tSs/zoznwnzdvFRcCv2
115,32,Kelsey,Wise,3410808552,(405)345-8624x84438,$2b$12$NemiKexFrelLuxIzWIUP1O1xa35Al/TX11WMOONYb9.jYZ8BIH2Ju
116,32,John,Perry,1824191220,794.376.3148x021,$2b$12$e9EH2CjQhfpQoh.k7MMS7eYXTGyuFQeboQxm.qBJn.VSeg/grWSgO
117,33,Chase,Holland,7971394503,213-688-5708x6491,$2b$12$ThfB32A5bJHT4uiBE5o.eeEUIL6eGQ.1uasLiOi4j/8i3SFeHLVhq
118,33,James,Howard,8372732190,+1-634-859-1883x54278,$2b$12$CSC0vzaj5Xb6fYjSLJQJHOzGzvXMxBJr9l6D5L8Mn.KxthhanFU9q
119,33,Julia,Duran,4451958089,790-408-8600,$2b$12$2QLKRDFqoiqiIHlxDlfrie/PNbs8SiUuiOG1RdjO0GMD28Kns7FRa
120,33,Tonya,Rogers,9287517954,+1-285-735-8757x8663,$2b$12$ck50Gp.1SL39NXooVnKYk.m5t4qiCIuBx3fV4f2tQ5fTvtYqj/HbG
121,34,Rachel,Wade,8610369379,+1-236-309-4724x41457,$2b$12$K/SfS9U4lQ3UOPqgpUtL2O0jQtBSTvKdle51t6T82QOqex9lw.qui
122,34,Adam,Jones,8475459800,984.319.2370,$2b$12$5B0Qk0yZypAHV3AtWUdFQu8UBz8z7IOVrfX0H7VGLHC9sjoNK4o5S
123,34,Justin,Fisher,0722272142,539.705.3672,$2b$12$DYdH0D5G.DsFNLh9MtxlWedeZZZ.Kl/2Kh1pGKGumMJtQO22IpXgi
124,35,Alan,Wright,7673017174,001-826-918-2509x7936,$2b$12$FkpPFi5YHhMtZTfuJKBdMeIJk4LWif6Bq/8KkKbCXsBBi5L8QpifO
125,35,Matthew,Mckenzie,3595267745,(824)829-4922,$2b$12$jlbNPXPOJIjnfbBp77Cnuu5igrXXxlUi4R9d8yx5OmXvriGkqvODO
126,35,Jennifer,Gamble,0965418144,(833)935-0838x58922,$2b$12$YjeBgNMwxR18u52CEOwIIOyeslUYH.hnGCmgVed83IPxUpVwRhEKy
127,35,Terri,Brown,9553824469,(407)539-3772,$2b$12$OIsEMD9ITU4SDQTIwhVNHOowsxqTvf98pWdbELJ20iR.E89XSKdMO
128,35,David,Ellis,8837594581,(376)600-7354x5315,$2b$12$oTAHFSZxvkiv3pRTThJZH.7aFFXP3PHhoXTGTbuE3HdYB1bFCC/ai
129,36,Heidi,Maldonado,9201153726,(418)676-2766,$2b$12$WjQ6Zq.k04iFz/8lo/k9S.GQexRh1wm7AGfbMnjhEgOR4oLTzXoZy
130,36,Garrett,Hall,3182123937,3013303330,$2b$12$s6CXn.7RLy.WyamspNttMeAEre8NK4Y9BVJjxWaPYThZRgbl8q8h6
131,37,Ethan,Brown,8231504144,341-595-1729,$2b$12$WzyZ0DmO9.vkPc0GmeVyy.ZirKy0wA5X5gHmLRNe0TC.w1BcyC7pW
132,37,Patrick,Barry,4999883661,(522)699-6540x534,$2b$12$AC86iiFNmyrJna4vOpHq1.4tOyBkdjt.UfBgyqkhIejw3S9dpB7bK
133,37,Tiffany,Wallace,3606686905,(901)752-8927x44265,$2b$12$xwSmR9rVGnHfO8nRjjOWF.DUot61CQRSvHYaJ144jJutsFtD0Uy4u
134,37,Richard,Smith,6539644308,001-744-694-5885x2859,$2b$12$sGcHyrOKTaDUva3x8BVlxOL7m0mPQ.qw6CW.P0Pc.WPWKI6WHAXmq
135,37,Justin,Wilkerson,6848515920,+1-717-517-4856,$2b$12$J2D5pHcDGJJ.mo0GRuEqgu6grUd5kuw9kq4vBrwenae2PgKQZshqq
136,38,Brandon,Cook,7659648145,(263)723-6055,$2b$12$ASgSiL3c4VJKxWT8Ptu95u1X0.0pVMMMVe0udUQwA2nXmhC0ewq8y
137,38,Amber,Macias,2128215343,2958502290,$2b$12$JeNxWgwzQ7z0.qxbAarts.iDBA2tXSQUuw3qZFQ66OQPoCi2YZg1i
138,39,Brian,Coleman,1826325413,789-871-6193,$2b$12$9.1JNhMmOfIZC77PAPqsJeNWGUBNtF101zkQLMDTh8R1kpdsCBT8i
139,39,Gene,King,3672470645,221-732-3840,$2b$12$JjzkShP5tLLIn7/Uay77cefcx9f7Lc9In5AHvjmyFnaeh7RTGSXXa
140,39,Lisa,Perry,2355805756,+1-403-641-3295,$2b$12$OegVwDa0BXLe6YIt.HAZr.bqHed4y3tFG5MlBSATPPy.SamDGd0xy
141,39,Cassidy,Bonilla,2222305674,001-466-956-4500x842,$2b$12$/kEs/Je1QmnaPT3.RS50FuBXdmSWHliSYBNiLptcUQBas5OG.kkku
142,40,Kenneth,Cross,0901163847,001-717-697-7806x843,$2b$12$gpGLQviZt4w0IZlxo0OqF.wGr7Dc7z1NRF/vK3hg8nnMGFkiOfHQq
143,40,Sheena,Spencer,8764247226,781.715.8332x0832,$2b$12$XRkDyxVYS4ZAq3GtwPAlce/AfB663dIVB5r8.SlPPEpVCOkjC9E9e
144,40,Craig,Lee,1898249605,001-972-334-4802,$2b$12$n1WnmVHDj4yYMKeNPBTopOjIs3il3k9Ol72rojrpp4rmhEnKVTLNO
145,40,Angela,Beck,9011734230,(268)545-3603x274,$2b$12$q7ieinlwFGTAXPbpOaXHS.OSX24shcfAg1crY/LxDq4tDNsZI158m
