id,first_name,last_name,national_id,phone_number,email,password,location_id
1,James,Ramsey,6674186881,001-890-725-2106x360,michaelsullivan@example.net,$2b$12$0IAS91XZJwTb2rl4mcCQMOJT6VrIcTx4y/ya11Pn8h.SkRCkGPJBy,1364305026
2,Daniel,Brown,2804357112,524.957.7925,jocelyn63@example.org,$2b$12$k7MJLgA1teuWAzlVMk98AuKTswnssFd2I7dIX2fSF.RrtIzxOOGpK,1364006067
3,Stephen,Duncan,0100816673,350-271-6540,lisadelgado@example.org,$2b$12$YAeGky.ZyLlz6unK/sWYS.2abimsO.XsWo8NmWmdooqtHeQUewnWe,1364123206
4,Michael,Davis,4193404317,278.593.6478,victor57@example.com,$2b$12$b4wY9NdaNkBm7ZdfQdtAMOEnn/iEmVitK7ZHR41NPyoy5yZbM8FpK,1364023865
5,Jacqueline,Walsh,4381399696,001-389-438-5310x401,jenniferwhite@example.org,$2b$12$dJsg6YzkiwBfVZsoPg1rgOPuc9NFfTnzjvVKPIrTygc6qI.TqbbdG,1364258511
6,Brenda,Bauer,9689893653,(497)250-7480,jasonscott@example.org,$2b$12$IJxr2DisC86/6SmSKrdB0euCVvcPb8y3U/fDNygwI7C9cthedxwVu,1364432238
7,Kenneth,Fisher,7847589622,384-453-7473x9079,vrios@example.net,$2b$12$02c/k8Hn1k7qmPfrAMpBpe9NBcvquJk6xiisyULT8EQsWn2vTGdDy,1364141756
8,Alexander,Fox,9155767863,+1-820-321-0929x03866,tracy95@example.net,$2b$12$Z0D9oJcupM5OCujGUa8IkOH4s1mP.xFKI2OPyugvTMBfA1oH7a/6y,1364350188
9,Nicholas,Baker,8905559953,(453)393-9534,yalvarado@example.com,$2b$12$E00cmgT6A8fdA8ZycExYCOU/L8hND8v6LD17auQGlG4MJSU6ivMAC,1364701633
10,Melissa,Becker,9557254685,(635)802-6075,zpace@example.com,$2b$12$uxo/7FaW4vFMMoFAOl5ds.bFr4rLLr3EwAhY5C73k.ntTzaE6Dljq,1364535690
11,Patricia,Stevens,3188485167,373-308-5041,emmajohnson@example.org,$2b$12$NLn4rarXkDNkvZfm.eD9h.GzEX2N.G/lwbbT181f5pXNuoJ04gLLu,1364554896
12,Emily,Heath,6610110343,(711)208-2789x11730,martinannette@example.org,$2b$12$SOBOiD2O6g/b2PmHkXYyRe538LU5rFYqmj2p1KQ02XWP6LvZwj0F.,1364158221
13,Christian,Joseph,9839859714,+1-637-930-2306x17118,davisedward@example.org,$2b$12$OLsPFhGyaXD6gEmP4z1p1OBYmg7ACfARzmwqCLXMPUoaUrVvklgoa,1364630382
14,Theresa,Perry,7818447226,(876)933-0727x78656,joshuawilliams@example.com,$2b$12$4WkVL3PpFHdL.8AR75VvZO3ljj4hysDp43FsGzM3TN3g/oUSUsDRm,1364891653
15,Nicole,Huang,6127695869,(870)940-2936,sarah59@example.com,$2b$12$Y8Uh1eONWR2B0SvaNGS6feVzITZ77pF4ToYlPU8OTD8RDSjesqOAC,1364072353
16,Paul,Hill,0107848070,926.667.6918x759,brittany20@example.net,$2b$12$0XI/cR2o0U3XP0mr7qID2uw5OM6wBDPzRfy6kHnA87vSYoTy8yz6a,1364126377
17,Troy,Perez,9104013298,588.734.4898x33529,matthewcooper@example.com,$2b$12$UUpzcltWKrCAJWooZdwUie6llX.y5BlKO482VskDoI/h1HFfiQ6Mq,1364429875
18,Julie,Diaz,9679227007,614-779-2675x374,kemperik@example.net,$2b$12$V1QUP8ENAVzehmY79HLIueQIBaC32/TNyBkDCQLmKqr6R6cgwE6Ye,1364437616
19,Rhonda,Hunt,4782013431,6088176250,tammy91@example.net,$2b$12$dLetln130U.YYV/UaGbY5.mZdny0IwBen998WEbnYHNVDcQ/0fK12,1364120623
20,Natasha,Rivera,7250503635,(219)389-6161,michaelcox@example.com,$2b$12$aFMlzoypp/QJkIw2ExzcJOy0l.j.pmylfqDZlTB.JfX.cKHrheE4y,1364624691
21,Madison,Lang,0369480205,(735)738-9800x22018,chapmanjames@example.com,$2b$12$Z19c20ZAX1PW70AbBVcbwu.EQrcYF.LnpJltV9KxXlTAObU/t31KC,1364870126
22,Andrew,Jensen,6855356008,410-946-4815,stewartpamela@example.com,$2b$12$I5dedcJFzAUF1YPRlZV1z.pRi1CfMh3jybju1E4go7O04OqhadosG,1364312712
23,Benjamin,Stafford,3909591250,001-305-860-5873x77855,sherrymann@example.com,$2b$12$zWSli6rrKfLov4BOtSpdruflyFz4cUiWVFSn8kH545usRx/tN2U0y,1364178783
24,William,Winters,8045962963,(802)263-1592x195,bbarr@example.com,$2b$12$aiziqYrbbUusyolH8UIzWu0CNZJNUPSP/87JSc.ZubJEuSLr8Us.e,1364073420
25,Anna,Crawford,8226672726,859-559-8304,davidhoward@example.net,$2b$12$3a5TwsmoGa2uWP0SfvBOnOFs2G8hIFcI9aAGgYB26OOMIkTaFJPo2,1364548806
26,James,Hughes,2163448415,001-320-880-2721x95004,pgardner@example.org,$2b$12$eaMWrI6WtWCjT2JKApBR5.v9cMmTkgKUS67xM45Td.xrOinDEHGAm,1364708556
27,Sara,Cook,2195717199,209.459.7150,vanessapatterson@example.net,$2b$12$5NrAlY8ZaiwVvU1z0L65gOdoNk6nmREw3OXRFVfD3ch.sABCaFYG.,1364802450
28,James,Thomas,8058086261,001-873-247-6744,edwardsstephen@example.com,$2b$12$AU444/7MOt4WS0zI1ebbVegEG96XRx3.YRHluP5t89p0UGMZPgDca,1364482289
29,Mariah,Lam,1839743511,+1-476-293-2519x139,manuel98@example.com,$2b$12$hXgWfEoDaVluYI5X35PAZO1w8ITea2VXsY3TsDsOlZOnAsHbKRzm6,1364272235
30,Elizabeth,Cruz,1785753404,001-750-430-8432x677,saracobb@example.net,$2b$12$mSBtgylOWpLS8L/RzGabU.4go3cIJF5HGJtnaOrxSDPVzkZ3EfNsi,1364376065
31,Kristina,Schmidt,8913221940,217.489.1779,dawnwillis@example.com,$2b$12$ZiMq9M0p0mb6CRi5/JH.F.OgDWSGYrwaoowO.P9vvL1CqXfZ0ArCS,1364143380
32,Diane,Flores,8595494468,926.592.7093x650,jamestaylor@example.net,$2b$12$FcJa9vhEv0rSn0rWGLbscO6jo.RNR461LYI8jryzFgI7avGcr7LUS,1364663520
33,Brian,Hamilton,5643599279,276.975.5084x42739,kimberly49@example.org,$2b$12$YYDMi32QYT.cYv3glvvq7OK2WrmEGD6yq2gJnIvFW0Zoozi/ivX2.,1364476070
34,Kelly,Wells,4703315412,4874291521,hawkinsjames@example.org,$2b$12$0e/ca8ozGUAOmeTa/ZH6ve77xxgDNxO4RcZSK5IlD3iKg45ReFOY.,1364170406
35,Allison,Jones,6819475264,831.224.5804x14329,jameswaller@example.org,$2b$12$OnaaPDoywEZjKL2EQyyvfeG3a.G51oHwKusOdCLrBgL4D5MgD1tkS,1364403465
36,Gregory,Pearson,2620876634,9346439115,bakerdeborah@example.com,$2b$12$OMGxniCIIaP2o3BwLNHiyuqZtJHYFX6CyFD0BVEP6V9fL8FttxY2G,1364379130
37,Kenneth,Johnson,8096717488,847-791-0598x5433,hughesmary@example.com,$2b$12$oT8GKt92NMX.U1LtTpLA1eVyI2G5Cyu25ILhGdwAkFuk2J7dMSWke,1364107935
38,Brandon,Beltran,9136493232,+1-550-989-4943x4793,john60@example.com,$2b$12$CQrR0FDENNG5bW0LuSgAAevYYf9Sk7WjQyirYWEyryKKQt3tpbH3e,1364370088
39,Michael,Santos,9579369943,(349)330-3242x907,egomez@example.org,$2b$12$eQxd9URNDUkvGIoe7pcze.9V9qAbLmQp/z7KAo2LNXWI1Z2QxOUNm,1364053850
40,Tyler,Wilson,2827708786,001-384-811-0790x5161,michelejackson@example.net,$2b$12$puSfHt3MXgo6nBxgZtA6PuiaFx18K/SUTH7ktxkdUHD1SAs..kmoG,1364855573
41,Aaron,Diaz,0978340255,001-810-420-3608,megan80@example.com,$2b$12$gTYYodp1pyi8Z015RdqMauX6ukpxjHKVCf/cHJ.cUxYTvspRVxpaW,1364173799
42,Scott,Mendez,6782600900,(238)791-0373,adam04@example.net,$2b$12$OUmqq3ydj7Cty26UN3QP8OEK4MTtdncl1Y7bORV7Ms5xDwQOaMKn2,1364981174
43,John,Sparks,9529974241,(956)656-9158x101,walterssteven@example.com,$2b$12$rN7DjHCLGNG/MIifq7h04ezXd/987xWmbDnGyGsjs9R/m7bAOi5W.,1364275103
44,Sarah,Gonzalez,8996513651,2928183733,kimberly90@example.org,$2b$12$FpPkwrjYuKuwIp9D/fT8pevSehUcHxt74ZEwmV6vwvi1jjGZ44T1i,1364483819
45,Makayla,Patton,1543138925,627-685-8905x00858,ytrevino@example.com,$2b$12$qQAIZmb0kIzpyLH7vPMih.tlvGNhiVksE3/pdwGgAHkGn1fmSBMou,1364706573
46,Frank,Johnson,7028517318,+1-714-204-4839x20783,martinthomas@example.net,$2b$12$qk2WPjomsc6pGaIoEPQJWO0UGefHL.WkMjcCI/hH4PwGFB2TVrs9a,1364844111
47,Danielle,Thompson,3939783605,940-673-5708x51024,laurie93@example.org,$2b$12$z/epB3AzddpjD5EEfPQRiOlyJz1C7hWCxIRlNIwWjMfJHXqyfm2Fu,1364897698
48,Wayne,Anderson,2254311573,001-554-679-9944x5284,fergusontracy@example.net,$2b$12$sNGwhmqTBd55HdfpFoxdbOimINgkz1yW16ERCguVJJQOc4jJDMcKm,1364571196
49,Michael,Smith,5084595082,+1-636-687-8345x461,ayalalisa@example.net,$2b$12$Ad4w.l14S1xolf9Nlo44Ae7uWQaL6/Z2a29P2jXZ4pyMIlxsjQ04.,1364186788
50,John,Cook,4301975230,+1-305-765-9568x5055,olsenjustin@example.org,$2b$12$MK2ZUvhfPXBflPDxq3HBE.AqN69OlexyTL3sxeTxvqpn/S7N6nPFW,1364530447
51,Jennifer,Wade,6661419691,+1-398-905-2008x7271,richrebecca@example.net,$2b$12$Jq5e3NqCh2qoXga943HUtuNXnsYJ4Wu8f1nOVzg2p1b2TUXtZo6uG,1364643377
52,Laura,Thomas,9887735140,001-968-440-4008x836,fsmith@example.net,$2b$12$veUdXHVQ2SDaifnmKcRIgOS/NfxmvH/AhudvWozoUmiEyiQp/Ja62,1364417512
53,Rebecca,Clark,2689015703,488.976.0687x59497,royashley@example.com,$2b$12$pxBE.f.oBGRQDmH4/IUFWek9HES90fTjdZhi50oxTYE1wVXAKvLVu,1364967800
54,Chad,White,2845262668,748.506.5207,sara84@example.org,$2b$12$lgWdIDwGx1LGU7QJHmfCrugSY31.tSNBviuMEbJpCfYShJTYPpqFW,1364532780
55,Michael,Mcdowell,0719657850,352-465-7137,mmcdaniel@example.net,$2b$12$PX51OYZq3PH9JR6fpOeUK.IlS7/RqmJfVbNKT8RI0m.lOw90BjfUW,1364204506
56,Bradley,Evans,7920534058,+1-606-398-9540x0589,tlogan@example.net,$2b$12$0mC3H040TEjyCruBgpYtcOtVREsfE1mmtG7V7wbzZ0885X0PXN0.6,1364921034
57,Brent,Smith,7182094218,389.471.6943x499,melindabrown@example.net,$2b$12$ufJ2LkMRwwZXCQnt3MFa3OzcGq7xnuNM/WJ5VAYKqafHNrrYK.nTm,1364030346
58,Jennifer,Brown,9864373503,001-473-431-4180x1438,alexandra67@example.org,$2b$12$9SY5k2ChZLJvP74uHuzoYOdzhBXLBBlg/aGU.NGgGpSK7bMlpHT9C,1364192213
59,Sharon,Brown,9458033950,001-891-917-3990x631,pauljohnson@example.com,$2b$12$MmQElVc0hvqWa2fLcRiiCOK1r.gPJa5jXxpTgpx1qzI3NdPBBmrhS,1364098155
60,Barbara,Collier,7556480719,990-259-5879x582,joseanderson@example.net,$2b$12$fVti24kzyB3YwlweAt9zruf9k61UQHFVBBdro6qDkUWovzy/AOGYG,1364956793
61,Ernest,Welch,2273823471,001-798-228-3277x91202,amybarrett@example.com,$2b$12$Hx/m/nfknMXc7YlpliSBTu39ct67neOxQXNy0V65KJROFjSFVFg/G,1364354751
62,Stephanie,Flores,2253766672,795.843.0516x333,raymond81@example.com,$2b$12$ACqG23FU40VrJMje6IVTSO6BW6BXr1FDccnP/kJIbCpecrGEYCpSW,1364720199
63,Stephanie,Craig,3816689404,+1-713-377-5225x63793,rebeccaaguilar@example.com,$2b$12$usrINeM.d6HkkvK10sWiA.iNlWBkIoM9FsSwb0vWfAPUe7W1qk.4e,1364909317
64,James,Hamilton,0902818743,431-462-9165,rodneyerickson@example.com,$2b$12$OU5Ubw9WK1/BhUltMIfGBu6eflPPVXRjiOmKKyrR3MzOUxI2aBtNG,1364336980
65,Robert,Gibson,4504462988,001-974-203-6289x5524,bperez@example.com,$2b$12$p7GQFCnM5899ScSVH3DmQeXoI2CeSVPfXLW5CVw8A.lULbxcOcOVW,1364363854
66,Dale,Frey,8394245990,(410)884-3707,hulljohn@example.com,$2b$12$bley9zK1j2QXrY7Lj5LoHutYpQS3g.YOQbEh72ikgBUbCeWuGmtUa,1364881808
67,Christopher,Foley,1003521138,348.638.6158x402,mullenshane@example.net,$2b$12$TkBlBsFANc6fDzKgIpNgMetFr6KeM7fe/kwZwU85IhB/c2PbLdPD2,1364759228
68,Donna,Caldwell,8182440007,001-420-382-6575x986,edwardhanson@example.net,$2b$12$hNK5ZZ/BQPE0XRfa03RwPOnnXPce4xM6oedh4VOoJ6Mo5VCJIQ676,1364255116
69,Harry,Morrison,1095391334,(868)747-6844x75611,dominguezlisa@example.org,$2b$12$T0xW3p5b6LS8rRunCtx1/uN7SNYjwPKTRiL49UkKVanyekI2CPj1e,1364102350
70,Jacqueline,Mcgee,7929388048,7499445299,jeffrey09@example.com,$2b$12$OnmxBZ6V/1Wt.VT3SalIRO7SIjwleKVrN9v8E24RpYioEKIBJROwK,1364271412
71,Kyle,Harper,9161279630,(568)709-4444,jasoncruz@example.net,$2b$12$T9BKQp91iKkm9PzTBuQrOeXqtlQOV.qUNfWHGX9kSY3sEq4cHEj62,1364398113
72,Amy,Jones,3134142549,(707)380-4965x76569,sean10@example.org,$2b$12$nMPfmHLrZevq.Lb3SvjFCe7RkfYVB6qH6GkGdSZxtxBpAMcAU7FRK,1364699746
73,Joseph,Christensen,1661671918,(912)290-0458,jstein@example.org,$2b$12$cGdBImAYZ068w5b/4xoua.hj6JQ6.EnCtsSFws6jASv8YECnzB6By,1364680490
74,Gloria,Alexander,5270966449,657.380.2367x5159,nryan@example.org,$2b$12$ziCQiBBDJMwB2gyT3guC1e2DqS2kUKcxTqlpnYMYqVyjvfGKeFyvi,1364453657
75,Amanda,Hickman,1444087656,389.279.2881,bwatson@example.org,$2b$12$fNCpaXvz51kZZRszbiSHAu8TYlK8osUgWvMGKZeEMDrJTm9Erayx6,1364242660
76,Katie,Foster,2470490993,277-741-9750,andrea31@example.net,$2b$12$yZ14Qpf.Zqsl89oKrSpal..6a8eXeLO1FoqXXuaWDi2KDd6kXtpVG,1364485195
77,Chase,Benton,8853497984,884-670-3596x2169,xdavis@example.com,$2b$12$fzF53ks37d6Nqx.A31opAOVnxRekkz2B/7oiOtrNFE.RR8ReGtGpi,1364111149
78,Blake,Bentley,8007160961,413-508-5874x9969,beverly46@example.org,$2b$12$FZ6yD/n4j5jn1NsE4hRU7uGqOzWE1PQMSgpMepB5I2081MWGqsOQm,1364567639
79,Michael,Avery,7933976224,(461)567-7279x341,lrush@example.net,$2b$12$a6XJ5OtAYYz4IUIGbIvp6.xIgsofIqQ7r6y9dOkJ/hahOEi2.ygKG,1364826721
80,Judy,Bowman,0963985059,001-542-382-9659x8893,michaeltaylor@example.org,$2b$12$tTfa7CU63qBNRAr7lYRRdOTWMtCSJ98eEtGLb/xnUxxShGroNbfV2,1364204147
81,Allison,Valencia,0622088543,296-865-2712x7713,elizabethclark@example.net,$2b$12$i7bAYprPW7er/gjyq8hsv.x5i52pmOPMCK6Da5an08vtTsaCsE0NS,1364697653
82,Brandon,Morris,4688837608,3364868170,leewilliam@example.com,$2b$12$.uk4RwJw7zISpBfkDcIyt.YoO.530d4iiNiTflpnhnXXieaXuNP2C,1364393434
83,Nicholas,Payne,6032149457,446.682.4893x6669,thomas90@example.net,$2b$12$JDhXzFGYaH/3Yn.k.5mghONs9eWzf/S1xDpSma/xEq5UnV0YPIFvS,1364662084
84,Misty,Adams,5675183858,001-484-717-9593,yjones@example.net,$2b$12$prh0s0ACSZ1TZMGy2hwjmuUGGiqCIThdcY2lOZnu4GswUNcp825QG,1364796337
85,Derek,Blake,7294923375,(385)365-7406,haleybaxter@example.com,$2b$12$jaQETrlzY1jhWVpy/1TxPuxRXeQW3xOT1Yw67SFuKh3TF9T59zRwm,1364247384
86,Earl,Smith,1609088517,916.580.4115x67379,kevinjohnson@example.org,$2b$12$pvCgwVagxbcRPR1XQHKGjOzDN6vxGgi6x8On8rbgEaiqLEStAgDZW,1364455619
87,Austin,Carter,4238700485,9988833026,harringtonamy@example.net,$2b$12$6DcmtDs5a8UrDthi9QHsdeumgptiA1NYPTkuIdIlauqWDYn.bswSa,1364413748
88,Roger,Jones,5471999983,(793)560-2898x248,jesseaustin@example.com,$2b$12$RBneBcjd3POx4EqNqaIiXuCvHHJFJTq4aW8l2NL5cro4RFMkD0ruW,1364549592
89,William,Garcia,2515926653,(955)530-6623,pkoch@example.com,$2b$12$lyzAFJAQL5fBEN28fxBQMu57jFWz24BrsAAVl7zoQsBhe53mqn2a6,1364786972
90,Marcia,Stewart,5597340449,802.846.5713x9079,rickyramirez@example.net,$2b$12$NSb7NWa0w.VYz2YmQ1lkJeu3HUK04MQUsQAXvoFLoen839W8K6Qwm,1364652740
91,Randall,Tran,9319581437,(607)994-7839,jchavez@example.com,$2b$12$Es8jT5PbMMZNs46ZYshqYOLKweb955Z5bD.IlkourHFAQSqf77ABi,1364525124
92,Natalie,Blanchard,4845063045,(699)923-7909x454,thompsonmichele@example.net,$2b$12$ElfuagTceg6tdpL7ZJophum4vXaRsD6xh.kw/mNasaeo9ljFBvFG2,1364282464
93,Taylor,Chambers,3250569887,(551)398-1594x1974,ykline@example.org,$2b$12$.q6cL.MiypupkUDfM5Gl7u1VqmgX/JEySnU5b6hd7bzyjOb7pTl6W,1364217752
94,Carrie,Smith,3173372740,659-904-2620x33306,gary47@example.org,$2b$12$OwNqdn41vjc6b/InECM0ked1mPmcHlkegv0Vp79hZDtJjJQzeueKu,1364144807
95,Brooke,Cox,3285686891,001-539-458-9071x5582,jessicacortez@example.net,$2b$12$sDyeypdx6lQmKtgPy9bnbO41n2/nW7e69SsEgM/btv.6agayZWkCO,1364856875
96,Heather,Smith,2029713947,9867493141,juanyoder@example.net,$2b$12$wWJ3bIq2VHsloldwLKJHiO9Xd6KzUKGe8gngy7nMtT9sDoondsmAi,1364602437
97,Alexandra,Wood,5153072702,902.563.8459,raymondwalker@example.org,$2b$12$fFPRJYQnm51voucI6XYiceZY/MJfU0sGNrGZoffJra3l4hnyR3n9.,1364152430
98,Abigail,Wilkerson,8832920619,001-912-850-2068x8107,kingjames@example.com,$2b$12$bDOUD8xp9fzbU7foi.V2ye0JvUUjtjKx5Z9yyqlvCudCUhsdPkP92,1364064948
99,Crystal,Collins,0227723206,001-426-846-4325x456,daniel86@example.com,$2b$12$Io9aB4Pk447ASVi.UgxpGupIRim66vU5s.gPawos5jQ/Hykpu4GMe,1364688687
100,Sarah,Johnson,1072082914,220.787.8250x2089,carlanderson@example.com,$2b$12$vKNZHng3nn6271az3iIww.WwL.CZdszwBUulH/6fLD7A2xuADgzUm,1364529047
101,Catherine,Thompson,4102911850,361.952.6755x07991,wpham@example.net,$2b$12$l2hPBK3BJ9xOuqJpmLpNuebLENINFIVoXzDh/6eF.s5fWc86F1kKu,1364102646
102,Isaac,Pollard,8027408360,931-997-9673,martineznancy@example.org,$2b$12$aTe/rJUWFAi66evM2Vv8Ku1zjCFX.sa3Ut4pyUbnu6pDSAmbF.6ia,1364311345
103,Thomas,Romero,0570553034,001-541-708-5832x4701,austin38@example.net,$2b$12$jaIpCSB9vzfb2lUg6kv5BOpoxvjrRvyvK0oP0hKLGhoENBib4kaT2,1364001181
104,Robert,Martin,8671352350,231-618-7759,scottcole@example.com,$2b$12$bQ3QfUQCXd/kzZbbOtRlC.itQM./xZruBkSnM6xl417VTmtBe1kE.,1364589535
105,Nicole,Whitehead,1818859435,(980)966-6923x672,fbarnes@example.org,$2b$12$zVPFULsMAThao6S2P.RmOOy7LGYeH67huz2aZHIsS5IK17U7BGbDi,1364997109
106,Laura,Jones,8376287879,(675)617-2905,matthewskaren@example.org,$2b$12$JRk25dvcAYhFYJxHYzq3SuX5AptuUSgQ8jwiliW/C3Zw5Zyp/MSpS,1364140008
107,Denise,Wilson,4014074088,9812043315,riverachelsea@example.com,$2b$12$tlkeZ/Ip6r56gimSCnFyf.O/pmNHvaLN.ha48XrzfsDTwPvjSDGaC,1364514942
108,Elizabeth,Matthews,6634780643,+1-660-261-0830x97965,sherri67@example.org,$2b$12$7XcLbMt6SSZpu.XTYOAJH.IQK4xCNlEQ9UtqSI/4YoyTHBh3uvSzK,1364402242
109,James,Reese,6724936003,+1-981-843-1875x281,christopher43@example.org,$2b$12$qA0XRYSrREmWWmDRvLCo.eBS2H4bw3cIrSWZCGERHX39LCydwz.eu,1364977923
110,John,Black,1216617692,644.697.3715,pfitzpatrick@example.com,$2b$12$g/sj8V3Z6I6YxMN2f6Wq3eQNwC16aZ6Cn5IvLJGdb35MUB12/0XWi,1364488107
111,Rachel,Gaines,7736114574,492-708-3149x7847,emilydiaz@example.org,$2b$12$QLP77GOFlL24lF772VczoeVGvDIB1DtMFiZC/4yMZSiWJvIJU.Chy,1364215543
112,Kimberly,Dixon,2268341078,501.538.5988x987,phillip43@example.com,$2b$12$lOre5OYNTd2dOxNK0hQPguJyqcMTf5SZyqJ1qH51iAmcQUpNSKK1m,1364656518
113,Melissa,Patterson,1630404330,+1-425-799-0174x6008,lwallace@example.com,$2b$12$A8ypR3OMKA0UCZj4T0SKzefQKiLEzZwQwTfbCmh0H1rmmBj5ZbeAC,1364254559
114,Leslie,White,1289381088,319-725-6280x5148,robertmiles@example.com,$2b$12$AYboaWTWKeYxBfFTz1eM.u3Rl.jYKjJ2spO7RKq7sc5zttV8q5dr2,1364252948
115,Wanda,Mitchell,3594802394,(671)240-1941x6132,emilyking@example.net,$2b$12$CZk0YqcBbCz6GXfzAZeNmOq4GYGBFlAfhS78B08T1ORJJIRqA0Ryq,1364872870
116,William,Peters,3317053541,+1-220-645-4043x82254,yoderpaul@example.com,$2b$12$86S3FmXzqFYcbyKdw/gYqebRWiXTXC3T1PMDFOr0VdKj/vS/.mr2e,1364464987
117,Matthew,Garrett,0182109072,291.637.7799,evelasquez@example.org,$2b$12$PidFPb3oLlZ5K.c/NI4VbOtxsyBPftl0Ql/.lB0m25VnY9QCcTAoe,1364876336
118,Stephen,Miller,8950034577,(871)871-6913x688,mconway@example.com,$2b$12$k42mLzHcEsQNkox8cV5TrOoKZnR2.kyFtlNiLvVPjiAWMcU6cusuq,1364090972
119,Brian,Smith,2088174325,001-991-364-3331x58107,rsalazar@example.net,$2b$12$XVa4wDvPteFDB2vXo5PH2.j4JUNxvo5sVgIInysRHlI.Eh6/mWnI2,1364781552
120,Lisa,Robinson,2470186468,337-940-4311x81238,roseautumn@example.org,$2b$12$j9SYIhmnsCMEKggrbxGLUutG9dIaBvduq78IpdC0sD9Cot1h3uGVC,1364447507
121,Matthew,Johnson,9858453215,551.366.7909x7513,robertsrachel@example.com,$2b$12$2pIVa2OpiJoWTsxBPywNweeNmCMGZP2S99l1bevs84XUBa97F8ola,1364637975
122,Susan,Alvarez,0237759441,(473)895-6439,mark27@example.net,$2b$12$t5OOlH5UQlLcMRn4.lffgeXCmbWTnePO/Ab/fn5Gxbb0Ekl0MapbS,1364717218
123,Paul,Gonzalez,7638065520,617-293-0239x311,paulbrown@example.net,$2b$12$tMUB0dPK4JnaCTTcufA1lOB0dqVMXdJMoSLB.fq1HCFLQVPb4vTDe,1364069293
124,Heidi,Martinez,0636201766,001-704-748-6184x1463,thomasdavid@example.net,$2b$12$/n.gS6mWMAL/VhbEuBxdRehZwD7Htn8lotsQK3JsX4oO2qVAjZ3Ry,1364268734
125,Pamela,Owen,9545900353,+1-473-339-7334x0474,richardswilliam@example.net,$2b$12$RoMq2q8GldoccUaBaCerHOl9JjlD3FZNMhqKA8dcbJgX7gmiscoAm,1364695268
126,Jaime,Martin,8673268236,711.557.5979x72465,berganthony@example.com,$2b$12$tBaWwigJVqJGv.l4OYUuReGf9lB/GQosj4rNObOu00q7WBQLXmoDa,1364910470
127,Marcus,Sanchez,0369134761,+1-662-289-1041x6760,samanthajones@example.com,$2b$12$6pgSRMnegCDKfmcf8FyW2eMymlIhDncmv.C.eTlMfOqw7PGJ0pruK,1364604697
128,Eric,Hansen,6633432632,+1-329-307-7013x175,nknight@example.com,$2b$12$SX3/hHJKkcMxZA44mDZSjOUmuYtFaeUE/uNFw7czj/Y5cG0urpI7m,1364946839
129,Louis,Rivas,3327894578,275-692-5299,wburns@example.com,$2b$12$a3Rb70/b2J68zihgJS9FBOdOM.C09pvy4.ydmqNj8Jkmcv0zhUIAy,1364526843
130,Anthony,Santiago,4578166233,+1-982-819-1066x73731,whiteronnie@example.net,$2b$12$QC3YSWvf7GErZFo6kHX3QOIWTGHvLhE2jVPjv1nWfEMAw4ZYA76ea,1364870175
131,Brianna,Spencer,0322441859,+1-656-735-3885x89601,kathleenstephens@example.org,$2b$12$chApBFLbOvXN3GuMEkGWVOda9EzPHlK4eA7eDI5.ER9UcXLNAu3w2,1364057697
132,Michele,Williams,8817888243,207-406-9564x622,eric77@example.net,$2b$12$vjb4D634Vv5bGIF0DHK5k.pU0.XD8eAOMjLpVBYhvm/H2mD4Smrda,1364110841
133,Brooke,Alvarez,0574679240,7657542515,michelle62@example.net,$2b$12$nkxb/7O1bYt5ut3pjcNYqe3zVDEVSAFl7zTmepfxz4wFRuBqyalQK,1364951738
134,Tyler,Colon,0480001171,(838)793-0505x488,tina52@example.org,$2b$12$Fq6vbF5g7EE5ahIonGhCZenzhN/E59CLtIcBFlbJIWgzBj6TxaT42,1364860857
135,Robert,Stevens,7859080298,+1-604-858-4699x44016,william18@example.com,$2b$12$nd.UnSNBVHcMmZuU7MbQI.lAtkvx6m3cVMGhfX1ov.9mvhZDh1B0q,1364748225
136,Heather,Spence,7587630344,620.278.1516,wanderson@example.com,$2b$12$M3/gU0dBUIRcusdq3ZLD0.tjXafxcIhZM/3XzeXIqG4Va2jnvH4re,1364931043
137,Colleen,Reed,8313210320,899-226-6062x7392,markware@example.com,$2b$12$y9KBeL0kT5YjcKLi5egc/uvlwIUPoFupZ2dZliStQ/ncp8ahhiU9m,1364192974
138,Todd,Chavez,4206626676,370-805-9375x3274,justinbuck@example.net,$2b$12$3IDTVcJyCyn.5gIyNz7vOOGJEi.44iKnY1MyOu36esTIUNVJL4HBy,1364000970
139,Andrew,Williams,8097212001,734.448.3869x51106,yosborn@example.net,$2b$12$aJE/L9wqwqh7s3MpDn92g.fxNc0Kd3iVscr6UZyvlxWYmmN/.1ulS,1364743408
140,Alicia,Marshall,0827208864,2409486310,megan73@example.com,$2b$12$.EBAhGu7xwMPgnrykoFgD.tvhn6yUq8b.9O007N/EllmnMBWsjl.K,1364099760
141,Tracey,Combs,6815665959,+1-965-614-4168x389,lawsonlisa@example.net,$2b$12$amVJwQCswx6c/S7Ekpi3reX2aOPPiyBaWRP4bUc7OvBHmj1E853zS,1364420894
142,Michael,Ryan,3484951176,+1-429-274-7013,rodriguezvirginia@example.com,$2b$12$ifqGaTc/ukcGZT6VbEH0BeDL43.48fV6cZu4H4X0O/bWCdOBZW9uO,1364380325
143,Alex,Wang,4139837648,+1-300-923-3716x281,xstark@example.org,$2b$12$RXfclpwk5GyYpFS5MEKur.QIioXHotWdn/rtrT1cBd.EO2AH.VrkC,1364052913
144,Emily,Hernandez,3399324001,8905756663,ginabriggs@example.net,$2b$12$CYOrPRYVjFlSqgHY4I9evOyAuZ9GfAOSpLkCq0WTH6qO3AsRJJOUe,1364220425
145,Brian,Lynn,0815605147,885.373.1453x981,qhoward@example.com,$2b$12$152SGRfVURsWfwBdrR/SButOiwk7ZRz5/Srx2H.2s.mHmMxXm0OQW,1364936018
146,Rebecca,Jensen,9240906539,746.510.3243x3748,donald48@example.net,$2b$12$LObf3YFh6yGdzz01u.dSr.JFfcLWzKjzlpkc08mcswGIEPD2zq3Oq,1364248651
147,Gilbert,Hall,6170738857,001-662-640-8287,williamsanchez@example.org,$2b$12$HUy4XnzeYMP6AKRZ/dOob.Dun/wgxcNHUUiPy7OIhwkgsjdUBgmYe,1364054847
148,Christopher,Vazquez,6675784641,+1-272-828-9338x968,jessica98@example.org,$2b$12$lqyADKHQHMUytQ4DnNC7jue7Vdn7k.PlV7B3cw7h7j72RDw4oBkCm,1364818060
149,Wayne,Willis,8604720476,(216)339-6065x392,icarter@example.com,$2b$12$qTGx.0vh5jCD5kDRVFaRVOS1EUDO.IEwVl3WvO99mOmg4lY3nWH82,1364175828
150,Ryan,Robles,9958486592,001-636-808-3240x982,zweber@example.net,$2b$12$l7rIru//IIhT0xJNQTvwz.z5hAdKRSDwD3U2LWyvDfc87HFuQ8xEy,1364647913
151,Anne,Wallace,1325914828,304.571.3217x54270,christine62@example.org,$2b$12$m8Jbtoxtn6La0T/E5Zxpk.OWRuSg/SESDLPLSpEkKENAWCZDs.qBu,1364890040
152,Melissa,Wright,5451770907,+1-711-385-3202,lpope@example.org,$2b$12$NQdOQpwGwxRPBleNJU4AuegGRBHAN8JtnD798z5arNSJW/0Vjabce,1364700294
153,Christopher,Avila,1172975994,+1-679-972-5035x349,russellcourtney@example.org,$2b$12$0z2P4XnNkjmJ5sQIWZfbCeIDNC28vmfVu/3NyTjPr4Lp12TWHVe6u,1364422541
154,Kimberly,Wong,1081943813,204.624.8474,jamesmoore@example.org,$2b$12$IJowKUb04tYsqIti61Boke6rsA1UH3/srj41TDCAG3mD3oTCnEAMG,1364496739
155,Tiffany,Chavez,8522542697,312.274.9565x47410,darrell15@example.org,$2b$12$lankvCYIj7crr1D8ZUpkb.D/FlkiRtHtdd0XfM/m3bIpi864V4EES,1364361684
156,Christopher,Solomon,9985618195,+1-853-729-1608x73086,elizabeth47@example.net,$2b$12$v30C5B7CjNYDhRqBn9gLieM4VdCOTDmjJ0NCPKmEIoIIBfxncvXHm,1364842482
157,Christopher,Chase,5643230339,760.205.5336x6842,cindymartinez@example.net,$2b$12$Y4AzDTBt70niEiAuzFzhiuJ7.SbzBhnSAb4rBCm.xYAGg1e6tm/9y,1364764236
158,Sean,Robles,0450126101,001-656-905-9319x18346,edwardwallace@example.org,$2b$12$k2h0IhpY455Z0iniLkkv9.9TW.7zny/Lpp7iyo64FPFCDm.BsOfEa,1364131066
159,Joshua,Wood,5080573147,893.320.6296,molsen@example.net,$2b$12$B3AHu.TlETOsR4RpgAQ72O51uuCgfF10fJVpi0ttu1NgFTugptA8C,1364000152
160,Robert,Fernandez,5519942256,295.439.4053x95242,willisstacy@example.net,$2b$12$NUEBmkvquSJVbvgKORewCuhHLLNcEe1Xyr18f7Ecgxtbkl/F/5umy,1364808068
161,Jesse,Campbell,2594929839,+1-746-796-5837,laurenchristensen@example.org,$2b$12$4c.JXgxIhWlim3u.ux3nIOeVVj1S3l.G4vv5jK16RdlArJBGm5Suq,1364844587
162,Kenneth,Watson,4422128531,+1-673-365-5653,matthewwalker@example.org,$2b$12$8doN/e35MKJySmmOcuPTu.C7JDyVHogGsdRYoL4ldH0La5sMDrydW,1364486333
163,Lauren,Gonzales,2000686632,369.399.0035,erikdominguez@example.org,$2b$12$g0WaGFTMrjE3lFCkJlTzGORPs93.ZtpC4/bDh8CiXU7CzfcXqjdKK,1364996546
164,Samantha,Wilson,9662072379,+1-846-318-5835,john61@example.com,$2b$12$wWh5YqiCoAvkGtcASSAvg.lXO2tnDOFoWB3HPw0O873WffdxzbekS,1364382390
165,Cameron,Ray,7620890226,(567)847-0255,asmith@example.com,$2b$12$z6GGcH324B4pcJz81rdC6OZoDoQ.5ooZUsgtt7c4colt27IVbFHli,1364005247
166,David,Santos,8685802697,(575)379-1992x9837,karengutierrez@example.org,$2b$12$hlnlyyq3nivy0WIcn8mQLuiM0lzCe9lsqlCyCDnY7PpPc6SAroOra,1364421762
167,Christopher,Long,2937972372,+1-303-991-0250x44060,amberherring@example.org,$2b$12$OP3Z/hAoC3Ly9Z/hHRBP6.NOXMvhVJtFpGpykOX3aC2yC11Z54b3C,1364528377
168,Christopher,Williams,5081292836,001-229-596-0408x846,michael13@example.net,$2b$12$R3dVbqQl6uZ6vCtRyrK/jeTckS1YJa4gzyc3lAt2nEIwfaw6UGU0G,1364517775
169,Megan,Campbell,2201884362,+1-659-265-6522x4565,tylerkennedy@example.org,$2b$12$XHa7oRkWDVRoAod1VvV1BezWB5IZpA43l4e/N7sZFj7rGdvRw027m,1364867790
170,Annette,Fox,9654960028,245-550-6650,hector34@example.net,$2b$12$FvmDkhtmY4cmHjPqcWolouTn1YBYTMHwr.Zbb1J5652N/vtNsCwgG,1364854218
171,Norma,Taylor,4825238582,935-240-3146x69287,stephenwilliams@example.com,$2b$12$DclCgDWiRd3Jhzx9aUE1VeA4mbcBmTqp5wtZSILXmfv5POPti4f.6,1364571093
172,Charles,Young,1707626670,001-468-300-0627x73896,david78@example.com,$2b$12$8pCDVfX902hmwh/1LW/X0efqeq6R/0kIExFHZJYlwshB9b7QVvVmm,1364201689
173,Adam,Cline,4581190085,878-359-8226,mgonzales@example.com,$2b$12$fVw61m2Vt2YhAf8Wx69QzeUOvZ63Jf783VMsJZZI5rGQ45EpSJrzG,1364387900
174,Jay,Williamson,1343737398,379.818.6648x6877,fuentescurtis@example.com,$2b$12$KhqrqZiKgkLnpup.PVIlZO0es1BSva24NwPEaeRo78ma6sOwPp0IG,1364719159
175,Frederick,Lang,9118855006,+1-977-644-8095x696,sabrina46@example.org,$2b$12$/WUZ4POM1AG8dI31..Z8Ce/L.v7qd0CWWNVsBbmxpV6a30FJn5iYG,1364106517
176,Andrew,Fleming,2067088771,+1-336-877-5767x869,williamlewis@example.com,$2b$12$o3Deri1bCdYC9fu7zeDeYuEUeY2Tzkt0DVcSZRWjW/PmmMbnz5hEm,1364072821
177,Cheryl,Ramirez,8879951755,267.767.2387x6132,roachchristopher@example.net,$2b$12$n2NGD596hyuGxvcczz4Ta.H9imbiA/0cft9X2/0oSAwQoAVZXg7O.,1364821189
178,Zachary,Wilkerson,8958592052,001-647-231-5588,zunigapeter@example.com,$2b$12$qW0g/LrX2GoiCYUWWMRiEOQFw.v7QH4x57AQsAcbevPE3Sg94DcU.,1364489959
179,Robert,Briggs,7097674533,617.613.0910x34142,oscar74@example.com,$2b$12$OdjPLnsqv6iwZ9YHnMHHl.59ipEd1.IMUXe.WlGonUaR5Io60ZTba,1364038403
180,Kimberly,Matthews,1071130378,(628)429-9863,morrissarah@example.net,$2b$12$PFPL1jpfT35VDXNQVPJElOg.rEcDOYCQMWTuPfDw7vvi8m5Mni2U.,1364254379
181,Kayla,Hicks,7171062290,4336601906,drewsanchez@example.com,$2b$12$ap4elH.elWWcotP7HnL1OekEO6xpsZ/f.ZvT2vE1UGCprNbSkvJoa,1364000025
182,Benjamin,Salas,0934902441,(993)649-5477x7277,ibryant@example.net,$2b$12$PlLyrWk2yG3CW4FrgZ46CO8m1DIzlT2jcmtxLn.EDPOuAJFzAkMZi,1364764045
183,Jennifer,Summers,6953249530,704-286-8705x61115,terripark@example.com,$2b$12$ZvO2c5Z2m92VGKsjePa0JulDUhA02YXZ/Sn6rkmCsmVSncWfCOf2i,1364123646
184,Hannah,Farmer,6874252974,(425)966-6244x5216,mwilliams@example.com,$2b$12$uj0oHTnlzOm6gHz2633jLuQLRDm8P9IQxf1xLQJ1Mtx8jh61E90cS,1364089791
185,Laura,Thornton,1949739119,001-748-822-7906x8477,hgregory@example.com,$2b$12$Oz4hzuLLX7SjGwiFHNMgR.k0lEvf/Q0OzKbRLVUxQr3vlGeXuEv0e,1364504156
186,Isaiah,Hanna,8985804088,+1-451-993-7465,oosborn@example.com,$2b$12$KdOZp3ifBYK2pEUgo75SleWhAkE4ZmyvbNKcVKZGw10MoD6E7mNGi,1364335741
187,Elizabeth,Strickland,2795036069,+1-352-286-8429x70241,lisawilliams@example.com,$2b$12$xxnvnw.GPjOSah8gH0IoQO4tNc/do58NmhmCeIjDtezRSXbf4Z/re,1364977743
188,Danielle,Hill,9608534851,890.248.2939,aleon@example.org,$2b$12$WviY1HqreY1XKBhYGR8BbOgVtF/VI4Q296A5C8xE15MBk5IRNhtwa,1364920781
189,Carly,Williams,7302179909,700-450-8948,ischultz@example.org,$2b$12$wOLj9Bqvd9mzyAqpCGWsbOebH9Iv2qMPj1Zh90NurRg5y1XXa6/2y,1364339411
190,Steven,Martinez,0031568690,9287007748,dawnlutz@example.org,$2b$12$icEodHcXAEmD3BudLFVQm.qOAMwhgBym3TkAo0I1DNY/1kSPjBJ3y,1364920877
191,Wanda,Smith,5008306771,501.973.0493x78625,singhlauren@example.org,$2b$12$eOwHmvHLGoeGWn27sxSmNOgl.NXP3AEcstU70ivkw6PKY0UgSGlDy,1364691339
192,Teresa,Patterson,6787224509,475-833-4211,evance@example.com,$2b$12$aAC52EjFZvxBZqx2g.T.JecQKO8AP9w/SWMWT.6kLFhjaeXGYdgky,1364124062
193,Shaun,Sexton,8316668396,354-304-4793,hallleslie@example.net,$2b$12$NZnXqK/25fwvq6UBmpEM5u.L.61jMHFTLfNz5tTlE/.u63QoTSjn6,1364815176
194,Amy,Ward,7333445137,972.604.9118,tdavid@example.com,$2b$12$dAYNbnxOURd7c1c39LENkeJ2U5VTFGSEAB5QF1/6wqIU0XvknTWWW,1364599694
195,Joseph,Turner,2658231431,001-567-615-1211,perryjeffery@example.com,$2b$12$KA8i8xizgrrBUb/yvE6F7eQbItQ7aypB5M5RhQ4/i24tRQ4d0K3se,1364504660
196,Jessica,Henderson,9449004005,+1-550-422-6620,fporter@example.org,$2b$12$bPeAT/D7l6vnJkqfwCBg1OkSoBK2SawtpSDnKvHypSljN4CBvtIvi,1364932128
197,Ricky,Martin,0088045939,(901)837-7433,martinezashley@example.com,$2b$12$9eWKSxMW5F53umNM29gEKeW0czscRSsy6MxJUpZPL1/ZXDpRKG//.,1364240467
198,Christine,Roberts,5250520043,545-943-8986x095,jaycobb@example.com,$2b$12$UHBkOxqRbYwadNSkW62.TOVr3HdUP1aH9KFCsJ3c7YVDj3U.KjsY6,1364269609
199,Jacqueline,Compton,8654863379,(689)821-3258x369,bsmith@example.com,$2b$12$tKj0avSuI.hiCVjPLhXi4eCBH/YT0KXKt4hv4gZBUrWNHL6XaWGCW,1364597116
200,Rebecca,Morales,7638484216,773.873.1374,opatel@example.com,$2b$12$bjtgZn/mvJ22gV36mN8D.uls2W0IXrziLQSWUsq9gTxqCE5XZcOza,1364647948
201,Maria,Lee,2549651107,001-533-922-4345x916,andrew20@example.com,$2b$12$/zl7fy4Ejdqb7dGQuLJO0e9kQroI1qGlH6m.N6YWi8L0HgQYteAZO,1364912385
202,Isaiah,Rivera,5966053864,883.251.9601x095,zparker@example.org,$2b$12$TfoLEmBR1SZMOhdRaIsiKueTLRwzXk1QRSKFb1o4OQBMfSvOgUvMG,1364463106
203,Samantha,Kennedy,8444310380,+1-376-657-2405,sheripeterson@example.net,$2b$12$59hYqtWuJP6s1l2WLf4qQe0xleWm2KpeNP5l2hqxZo9Us0ND5Be8e,1364587162
204,Benjamin,Fernandez,3950698654,398-509-8834x29353,csullivan@example.net,$2b$12$8VAgM/eonU5Azr2QrtIL1OFD.6dhl6G4EDY1F69EBas0H7LrCOu8O,1364060244
205,Joel,Green,0356810475,+1-873-284-7654,ejones@example.com,$2b$12$5XMyXZYezfBdCICsQHD7h.KQS.quDUozHEkFfXnYLjc.RF/RVye9K,1364020796
206,Jacob,Poole,2394864618,+1-454-281-8213x94232,theresaperry@example.com,$2b$12$W1rGgLPA.1hbTvf99gFfoefxf9PEv1p7gdzlwZnew4btkWK08hBqS,1364372222
207,Joshua,Palmer,3043212129,727-952-8340,michaelhardin@example.org,$2b$12$4XfQntHH44bFiqzO29KDCuH0jbGmg.vxFVfl7YWXjDICWwn28JjAW,1364013464
208,William,Olson,5415596941,8287476347,paulvasquez@example.org,$2b$12$3TgxOUIhJzUcf3EIQ2bA3ezXvlur0EC4d3f9pXnjvsnLDdjAx9ykG,1364856957
209,Jason,Anderson,2871765962,212.466.1063,torresanna@example.org,$2b$12$10FCnoNbvtlt/Of3eTHWK.jQ.05DhD.G6M5VqMwHjGhaaWAwOKR3q,1364024073
210,Rodney,Tyler,3504183767,335-290-0175x3548,johnsonjohnny@example.com,$2b$12$RAVuSSFK65N117q/FsJf4urZLmuZwsqFs8yhe77s4MvBAoGGyWHqa,1364306000
211,Amber,Reynolds,7978517713,001-311-991-9747x460,castillomichelle@example.net,$2b$12$YjmORAB41.dKiadQHobeBeOz6.QdKQ4tLC4vWmPN2gFa4sq.XUNSS,1364208028
212,Kent,Smith,2197395329,509.790.0095x5012,robertsonmelanie@example.net,$2b$12$FBvtGzB888KPkLPxBGfaDup7qPgeS3MOesMQiP3QlQQ8uzRkN0iSa,1364126275
213,David,Hughes,1197691299,976-204-1499,kelly77@example.org,$2b$12$OVbV70TrGbs1g.cT7k722eJEXGalIOUuyROAyRBp9sQ5FLoVz2VX2,1364433724
214,Charles,Ramirez,6894179122,346-492-6080,cervantesdiana@example.net,$2b$12$MsrMv7izoNTyBAQOpQq4/OCUL.BKYwQFKJR0579d3ymottRcADEfO,1364420866
215,Kathryn,Nguyen,2246962046,337.828.8618x94685,carlapalmer@example.org,$2b$12$HBHFqM95JYSTM7xxBU6mBuAD1.FQjhzaSWWlbaiFfViKXGB9.CHSu,1364404057
216,Jose,Graham,7818736228,(496)234-5490,jonesjill@example.net,$2b$12$pkwKG0dkilRRido8hVO6wuK8WV3cee6S13QAkVjrgndTYbIRT1zNC,1364480030
217,Scott,Jackson,0626859655,(780)987-6192x07337,elizabethwilson@example.net,$2b$12$OgfGwtpm5ivY3U6dIHo3perWg0mNzPsjAhHL00hAFOCGIxl2bBurq,1364934865
218,Vanessa,Moreno,4160236472,001-630-449-2009x604,boydjacob@example.org,$2b$12$RPAgHwDdqdQpP6QNDOBu8uPpajAYPJkwVgGRVgLVqtghD01fhOU1K,1364423135
219,Gary,Powell,6368990415,990.475.5833x4970,jessicakerr@example.net,$2b$12$NFdmKjpWuaCy8rLowvC.4u5FwhmRaKUTJLPzENMGY/QvaIgJEhFPe,1364873386
220,Calvin,Guzman,8150735376,+1-411-658-7083x311,thompsongary@example.org,$2b$12$6.iVd8xK10G/a7i/hQ2vTulgSnPvt9wqDVzM7Z/4BDGHwy1PcLlxK,1364586053
221,Janice,Bryant,8278154401,+1-402-935-3783,nrogers@example.com,$2b$12$4ef7OnnmhjPIg5meI94nQ.q3J6kQvOw9yasLGWeaK7suytXYV9132,1364070633
222,Douglas,Parker,2655055700,279-828-0479x9547,alexisfernandez@example.net,$2b$12$RnQ8kwdYzyGzlAdA12Tp..F0uNV4F.xIaImDQeu6tF5EmKgUw.9nS,1364887348
223,Ebony,Thomas,0466540727,862.326.4290x24432,uyoung@example.org,$2b$12$43ODzwmLR46sn4ed7RPOKeVTO5CTjyEeMN.qLr5JzC6COz/Dntc2y,1364154507
224,Donald,Ruiz,6627030746,(260)727-5303,angel91@example.com,$2b$12$QXwzWVHY5bdrsdw2fyu3duxv5jbUeT.XwmJ8.MqXidiymsihSEfb.,1364374243
225,Melissa,Cooper,2583762917,+1-477-812-2214x587,wwalker@example.com,$2b$12$TquB5a3ZlpdFIyuQOQ.y3OXCf4IocXNkt6cbmv6Rza/57mBVaN47W,1364015114
226,Matthew,Rasmussen,5062542604,001-941-971-8341x96656,mmartinez@example.com,$2b$12$n0lR2AVQXH/lHj0Eyjqvu.KhlpXbEBF2Ajw6NnKMS8hLBi1I8TpxO,1364749382
227,Diana,Ball,1484596414,+1-445-665-3683,operez@example.org,$2b$12$sTN2BDYUIW0FhkLE1L8qz.Gnws8IruDrTNiPg820Ykm02dr5dmedq,1364440193
228,Justin,Glass,7147038658,001-794-466-4119,roger16@example.org,$2b$12$aj.Oib9psi0qg95u8RpVO.wclxxZ0ST4aND8G58WUyDgXvRVrtZT.,1364669564
229,Matthew,Fitzpatrick,8653114508,001-652-507-5747x1399,osbornwillie@example.com,$2b$12$mG/t6mQBAylhRxuxQNS6/eE1ZIkJ4OHuppEC8eP7PO6CqyGN2igXG,1364138178
230,Jacqueline,Smith,7178656652,001-674-885-0563x5561,jessicakelly@example.net,$2b$12$LtGBus0v47DVeV1S0sfeG.S90gi1Z.EslxfUHKx4Iv/sT./e4xxH2,1364511493
231,Mike,Wright,4651309923,852-773-7060,david48@example.org,$2b$12$RurpTTj240tdORWYTDsxEONAPn0BAUIzD1wiR11zeVF/Sl3eDKLp6,1364702813
232,Samantha,Bryant,8731791024,001-388-259-6424x188,ftaylor@example.com,$2b$12$Ij9jhkjwuu1RJxsuRp81r.UrYaaw5S7AjlMkxPU.IRCq0UeAZ1D52,1364726731
233,Joshua,Huffman,4602966650,001-748-215-2029x490,ronald76@example.com,$2b$12$fIlWNINBOLb8KujPUnCxwOzQAXi.vuGuY.X0daKWeKAY9yIdLJDR2,1364001385
234,Jimmy,Wright,1842959508,818-217-8689x089,zcalderon@example.org,$2b$12$m2sRP67kWvMld1YMl2KuyeQqgnScL3UFlHeiiqawxbl21tolrP512,1364509063
235,Thomas,Johnson,6224459680,546.915.0657x7340,ihendrix@example.com,$2b$12$WNjMvd813qfQ92.a2IfYO.JIGS2NxRgrKaMDJAvmr9Cg840gTMgtC,1364264141
236,Jeffrey,Smith,4722257211,486-290-9866x6698,angelmccarty@example.net,$2b$12$6aJeWPCAKp3lgRT/HhSc0Ouir340IfLBi4z7hAOFUmrR142b5owHG,1364180869
237,Caitlyn,Andrews,7097611328,582.934.3263x639,jonathanstein@example.net,$2b$12$EJJxNemfzUyuVGCyrsTp5uVhVOmQ7PQ7XNpQOUIjgVajpswzEJN0e,1364624357
238,Brad,Terry,8653913342,001-426-765-4623x9956,uvelez@example.net,$2b$12$Krik6QU44xP1IhF5ljOUSOiFehFoFj67vaMIMlRDB/HgXj5qrKRNy,1364475423
239,David,Camacho,4680628712,(431)240-5283,jamesherman@example.org,$2b$12$rqD1GTNVwpvYMbH58.DskemOOgBbUpG10XfuT7HQgKaSZqyJRsjAq,1364976274
240,David,Smith,7008915035,6475793686,nicholasjohnson@example.com,$2b$12$ofwkSV/b.VnqEm5iowv64uyHWSMEjcrvoMSc3dGEn7l8Eb1MDAWnu,1364710224
241,Tyler,Wilson,1202909780,+1-494-908-3934,michaelcollins@example.org,$2b$12$oiV1TmwZDXrFnYgdr5OGsuDjdgLOAZAVuqfhEO0EmClmIZK9/GpuW,1364834159
242,Mark,Montoya,6779129238,+1-935-593-6015,scarter@example.net,$2b$12$RVetaHpc/C05/bEW/TNfQujrcRuCDCxjXg1OC2A7opUrrjmiHTMLO,1364688613
243,Tommy,Adams,9051064187,929.406.0667,wesley41@example.org,$2b$12$5Qhj2Zzecfz.g7YKB9RyZ.lK.dQ2AKYIzIU8b9BEnnSm3ZTYHQwJ6,1364089259
244,Alexandria,Barrett,0536790248,488-379-2459,kfarmer@example.net,$2b$12$RIkPY6sHIhhkzSuO99fUKOAmgiQD8Avs.Ego4HuDBm/ATPPnt9rFi,1364382725
245,Laura,Medina,5248899636,(706)354-3882x2404,smartin@example.net,$2b$12$Uyitn7t8Fri1TUx.1POmvuLLC/IL.Eyd3viwN5Bcr48O44IXY705K,1364497361
246,Kathleen,Burns,1387874257,9007375169,mwhite@example.com,$2b$12$eWxOtxQy2nktiCMMiTYGf.3osgAXXptCcbnk.mQGHFt.OKcUWMp.O,1364463020
247,Katrina,Brown,5581666184,784.390.6457,jessicamason@example.com,$2b$12$c0QiBPqWXQgZG1ZS64dt4.oMT1GmdRMHGkhM.bbE4dlR8XqY.b3um,1364465140
248,Gabriela,Ward,0684315862,+1-487-885-2692,johnsonchristopher@example.net,$2b$12$DdNoEteyIRm3dnSKjoXj4OvlDXs0O3d.tpBMlw3Csx/yOsYoKw9dy,1364197462
249,Timothy,Hull,9566810600,+1-515-853-8407,timothygray@example.net,$2b$12$1m2FllD8duBQO5tOrVBGe.kOlAHAhaCCA.tjozs1t7Ly1F69P7XhS,1364250700
250,David,Acevedo,3516206742,258-539-4522x02977,zlucas@example.com,$2b$12$y7Lv.0ZBJOcARVIUWTOZVulgttprpGw1gB.WNckVwl3HiqjyYRXFm,1364582269
251,Steven,Hansen,3185770955,483.929.8631x9348,jonathan81@example.org,$2b$12$WBAYbtUkGpChDM5zj4eOvuH8kPl1wZaoo0.2zwbRVN1fi5Z947v/u,1364801554
252,Jeffrey,Graham,7729411779,(808)678-1141,thomas84@example.com,$2b$12$0J/JbKfvxrCQeE4VuXw5seCMtmGYPlPHn60MlhTmtSZyUt3lYlX1i,1364058076
253,David,Li,3198536534,(448)819-9881,mariah56@example.org,$2b$12$8m3DaCDZjzNbTHhpLj6hgugVJExvoE4lx831/kg49Y3M9yIopnGSm,1364528412
254,Lori,Brown,6890635971,001-515-500-9055x6186,jason93@example.com,$2b$12$6GSc5tKaJYkqeZJDxTlRi.9YQlTArMYh6cqQKw/dRAGwxjedFEY4G,1364059934
255,Jimmy,King,6567027396,+1-655-517-7147x0882,edavis@example.net,$2b$12$q2bob2Ttq4HTLtzkSnO30.75HOUpqYkR2XZtT/YZZDBLmdmiKYPxq,1364671095
256,Jack,Mann,6153176058,001-987-467-6827x4917,johnstondavid@example.org,$2b$12$U6gAaaNHb3NW.MljSik5tuR.lRVaXSf/qpTZAQcjCP7RcaGBjQst6,1364497413
257,Johnathan,White,0026897267,218.446.0390x23734,josephcollins@example.org,$2b$12$0c66W4gQbSnuV.ZSBYcO4.8Q/pCD5sZ222cSuY/e5q2APUKkRs7MO,1364776996
258,Carrie,Allen,7958850867,5317303553,wrightmarcus@example.org,$2b$12$e/9AjeOOuZKFElk9EkncfO09ZkUuzQ.sHMtsGnuKbsX3eLygktTK6,1364528827
259,Autumn,Sutton,6024271151,895.903.3878x49762,hernandezmichelle@example.net,$2b$12$pICFh95smsX02NMVsMAXfO9K4sp/wFcf9XfLteDIZo8GdC/Rm4yma,1364067141
260,Ashley,Soto,2602194789,001-757-258-3911x0656,oweaver@example.net,$2b$12$Bc5a8Uc2QRlIFuAgwY5OTO70wj3/fns73gCbGbRaMp.zlue60.JR6,1364538524
261,Brett,Wilson,0521408741,661.282.7821,ethompson@example.org,$2b$12$QCiNgI1k6T2hULgKa/A09ui4d9M2whz6GWCrFcWJW63oTrab1BbSK,1364603087
262,Linda,Howard,1798252126,001-824-645-5856x3468,kennethblackwell@example.com,$2b$12$0hhSBX/9wW0zWC1bFtovXOIyhkAHv/k0/Nx9l2lGHCH0YteDpoPeO,1364748189
263,Marc,Foster,1329750998,001-793-792-9977,ccook@example.org,$2b$12$N4pB9C2SkyHqII1lPZDWQ.L8fbXSclbgizt0U9yCpGhGaPpUXpYc2,1364824865
264,Mark,Baxter,8548170319,+1-641-808-9547,brianjohnson@example.com,$2b$12$dSPWRD6WT4fIcpjwI2eHhu6HN.QJVCykLjVf5j.WZWP/CGWMzT9O.,1364195329
265,George,Morales,9138676381,388.520.8028x40555,blee@example.net,$2b$12$rUkus5RShel7grhhPi9hDOv9SvDxIcRyfFevqwAPVI37QbTb24GaS,1364001665
266,Bryan,Wright,3483007182,+1-622-932-9122x708,gburch@example.com,$2b$12$Zu3n7X3XU/AdvAYnEYJav.iGAlVn7jAkqW1fOtOWSEsEeDNKRG87K,1364148663
267,Ernest,Hooper,3787780791,+1-302-337-8392x04667,ndelgado@example.org,$2b$12$hFyMSvITHxqQ1VwrxTS.welX8j.swIlXI5QDbYsQWoG8gvvZZObaG,1364295244
268,Jacqueline,Santana,9153851527,+1-311-466-6605x2412,pbuck@example.net,$2b$12$S7317FOg8y.QwDmM6irrXutUmQhX9oNBfL9pazLpLA.KUVyfyeYXO,1364154593
269,Latasha,Jenkins,1200308725,001-383-726-3274x3079,lortiz@example.org,$2b$12$rgah8wHJdoxa3pSEqBBoEeqk0KjfFBr/9DF20H3zAgtg8VULqoKda,1364067553
270,Jessica,Hall,8403416682,+1-947-501-3009x9107,ggalvan@example.com,$2b$12$WyHVw8ZrHu2ua8e./jsOMe6K8oh4eqDPW/d3H.MWgW.dRb5.esr4W,1364747499
271,Penny,Snyder,0389865283,+1-350-802-9664x2691,gvelazquez@example.com,$2b$12$BU4MLSuZqC2KUHXIQulRB.6eZOLIVhyVTBiFpvxStZ9e1z5FLd1Qi,1364919018
272,Michele,Anderson,9074986963,(647)548-5173x0556,elizabethmoss@example.net,$2b$12$ouaAu2aGNPpPQYmrN3dr7uqGWILcpRIC7/SMDjr6pluiv2Ih7PaJW,1364928073
273,Michael,Friedman,1951044847,880-621-1200,annaking@example.net,$2b$12$0Rkufh3cDnP1jzTz3DCA/.vNSitMquLd9MGOBMV1RvA/83l7XjjhO,1364700789
274,Donna,Holmes,0035978938,001-351-829-3067,melissa76@example.org,$2b$12$VpkD.gHTsawhZ5QD2tNg4.XnDH.Nl3jUpDX5KSenUgq6xqf5dh0su,1364331013
275,Thomas,Ellis,1566148623,+1-510-631-4833x220,nmatthews@example.net,$2b$12$09FEqaSLvvaPcipWVjk2S.3OltVnv4FEBziI.PDFU0eQe42V93DPS,1364226344
276,Lee,Colon,3231369256,001-937-870-8345x7244,carriesmith@example.net,$2b$12$0YXza3bQloXSiXhal4mw2OrzK2rXIRkaZVaPqJLuyjZmO9WDeJh4e,1364372718
277,Margaret,Mcintosh,5678710791,581-635-8489,logankaren@example.com,$2b$12$KAJrskaX1CKTa16nW7YdUOcf4ezTTJsq2XS7XeoqFbBgvSkvFiZf2,1364790184
278,Kristin,Garcia,0064114693,(376)366-9708x761,erica63@example.org,$2b$12$YhMexGpAqF3mPHIc.LEXLuYPh0soJyKhNlUnrD1UDXCdf52pDiJzG,1364250256
279,Candice,Scott,3516704460,4949346755,kelli59@example.net,$2b$12$LaEj264S4.atvWm/kbPBquTh.CtyG3cdDfnYbR7DQfOWZjbspA9d6,1364396330
280,Mary,Houston,8392665953,(669)883-8513x11307,petermccall@example.org,$2b$12$B/2lER9cKjJZVd.B/W8LveHetPkHd9NKK7dUkx9oMxf0x6E7f/W3G,1364248167
281,Jared,Jones,6585595487,001-207-373-9151x8369,nancy41@example.com,$2b$12$ZQhEl/rZCNTHWaHHfe/0fue9wtoZgR5JaPjqmyrX/AiFoWL7xIhKC,1364753903
282,Martin,Adams,7118280548,672.570.8975,obowman@example.org,$2b$12$iLpTqxPrdu5PZRFsyC5OZeDKrVegooiH2Ph4bLVWrrDIfvHyWuhbe,1364607008
283,Travis,Simmons,1414640638,898.701.5388x965,karen30@example.org,$2b$12$xFhQlg2WPtwMvw6VVwazbuThnK6tISXxpfPMDuZCSHa4L4JRqNIJW,1364865107
284,Sheena,Thomas,3829096888,271-478-7118,xwilliams@example.net,$2b$12$tyayYBx0UcAu4bvbhmuUJeYZi0CK7jZV/CO3SvdOVH4tq2pob4lvm,1364599190
285,John,Townsend,4354160302,001-674-624-3577x1802,alexandermartin@example.net,$2b$12$3VL4ybEVdzMicfHpNjp9u.5mPFoveqWt47vE3jxjbs9zPbneuU48S,1364569834
286,Brian,Shields,7854866896,415.785.3030,kathleencollins@example.net,$2b$12$DYz8/qU8XJjHw2e608DQqev3RTyYxYqh5SCMMDNxnch1v2m5jVgMO,1364073949
287,Michelle,Robbins,9778685667,+1-920-456-0517x9757,misty10@example.org,$2b$12$Whg9TlcdWMctmSfDMMaBQu9yc10LJeAeJ4jkgOuCWFyjgbmyk0jhe,1364088280
288,Paul,Ortiz,8883071123,(613)327-2477x033,julie90@example.net,$2b$12$8/JFqP2w.bI4Hq97WUOnk.RtSkjkkNdlQMRbMhtdv32fsl9Cd4c52,1364328098
289,Kristen,Jones,2967335783,001-305-968-4506x1014,adrian05@example.net,$2b$12$gzs/FoDB1SKUxekgKZT24eqoNtW.Gab2YkrHPwL7vY32QaJnb4UA.,1364143684
290,Darren,Williams,6040360284,578-396-9580,stephen86@example.net,$2b$12$9GkvcFaXMbjAAlMiKcCUhuMvXMFncvLqVqZ3FxM720Ri/JAPxXVvW,1364767646
291,Chase,Walker,3225442265,544.459.5075x55838,wuemily@example.net,$2b$12$FOm7vMB4IA5ixH/NtuDwX.idWGQEVj3OSeChe96Zdl2BowVaCiUEq,1364412693
292,Samantha,Miller,8787737227,(234)421-6009,racheljackson@example.org,$2b$12$SKqluqAlpLnk1lCktwthMO0SzEhezJ6x77Fz8lkFbl4EOW/0g77Ly,1364544757
293,Brandon,Baker,8271321400,(469)888-8942x05386,gentryeric@example.net,$2b$12$jayJbTL9Gl7sXXE1jYE4JeAj.VcwXqzfFG5lvtJdHY4SrVlfuMjEe,1364462555
294,Kimberly,Beard,4598720864,001-672-467-2607x1125,jking@example.com,$2b$12$GidJ5mwVeksRQr4l.aZ3qOZqrE.4iM2.BfBUV/.dXmfqSZY7IWUtG,1364288724
295,James,Munoz,0424438006,564.608.4432x61325,brian39@example.net,$2b$12$pX6hz1uQdABOAU5/Df5D4erbzIQSuJlSVpj/s6Wc4H8GRN2HjxFrG,1364637540
296,Kevin,Duncan,9827855695,660-255-4025x805,zmartinez@example.org,$2b$12$P92CBxDTj.XMdKURuQY5z.TSSyz/6XwwQgh6pCmKiPpwBU3uY856C,1364200979
297,Sarah,Pena,6990863032,001-220-950-1447x737,rebeccabauer@example.com,$2b$12$5cu6Lo/KaiV9M/9FVBSh/.hEpOl1YZL8A.dHR3VZQshtSuolnTJRu,1364110689
298,Julie,Parks,7002507632,(807)570-1619x9370,morgan02@example.org,$2b$12$I9pf8vtPLn.UTPzBz2h1uedMied2irx8wpbvqMQ21vJ/1jquBofxm,1364828948
299,Sandra,Cooper,2087025457,877-511-0419x60502,steven46@example.net,$2b$12$xLibJh4pk2B/jYf64c8BfO8mWQtRmZfPCom.ZhLlUncIlURDY687S,1364247640
300,April,Davis,8444988577,+1-858-639-0420x905,michellemills@example.org,$2b$12$/a1.xDDTR40kVTKrmtFXz.QfOQjs07KFqVJB87S3PIUHlSdjNls/6,1364163489
301,Darryl,Aguirre,9663047155,258-213-5832x019,isaac64@example.net,$2b$12$4jKx4aD.6ULV5z9o/JBEc.WorhEg2iSI5nicwxIQ8nNuijCjRviU2,1364448828
302,Emily,Short,4353391959,(994)518-5311,joangeorge@example.com,$2b$12$HJh3EIBUim541FZjOvlT.exHgwkkYK5e0HuHR.3GnGx768lORUBEW,1364301778
303,Patricia,Sanchez,8460276841,355-583-8120x6728,jamesmueller@example.com,$2b$12$5sfD.ObNDNs2jO3ORj014OKH65nWacdvah6H1zIT/WSu4T1npCXoi,1364475715
304,Lauren,Jimenez,9561724819,287.486.1114x316,wendy89@example.org,$2b$12$JYxzISUGQSGyqodo1dHs9u5Ph6MltzLY8OVAdJuUKdXCxz5Q5qBha,1364001043
305,Shannon,Howard,9141962925,9922404218,jrodriguez@example.org,$2b$12$AuBzHWNtRL/o22y34/45lu.dMVNlHqAXknVTOgg4qE/8dYDYs6com,1364601735
306,Gabrielle,Rodriguez,6300847021,001-393-216-4566x97415,ibrown@example.org,$2b$12$bAQ1GhpH5WeFq7sedsAl7.GRhKPFUeR5UBWtzG8lJNLsqtmAIA/OK,1364266184
307,Andrea,Davis,3620441423,431-569-5810,sampsonbrandon@example.org,$2b$12$v2T5J8yNJSV/xIogOgw6be8DNvw6OTz0uIlvMJMAey/oLXdg4r1Ji,1364181999
308,Brad,Ray,4792143105,(865)774-0165x216,bwalker@example.com,$2b$12$hG5xlfKY9MK08Y8T6ThM1uOInB4hf24uw73ebRSMMJkP951sbkMy6,1364097069
309,Anthony,Mann,3964554164,505.377.0690x47682,rebeccawood@example.org,$2b$12$6rAEHsnZy7lWCD9K37L6q.nWbmZD9P1NdcDeYZcZOE3QT5OqYFIS2,1364315138
310,Nicholas,Rodriguez,8767063958,7985418109,qmcmillan@example.com,$2b$12$6jY21RhGLweENoJLHTpdOe3nOcn7b1LKhnfdS19wWoqB6Z8Z8VdJK,1364268650
311,John,Delacruz,9046957945,001-697-316-9310x2637,zmassey@example.com,$2b$12$XuvsWC8JoGBhneb3e8451um0n2Xr8/uxMA6GUjRDvOO3vuOKS8lGa,1364780885
312,Joseph,Pope,3696879288,(560)926-2831,evelyn17@example.net,$2b$12$5KEWeuUw/xwJNE68vkdLsO8AOADK0p1brod6m/vTZESrwoZblt4H.,1364977336
313,Jennifer,Brown,6785019568,774.657.8240,ihumphrey@example.org,$2b$12$5gSeUzDhobhZN6an.WZcduZjiCX1Kgn8EOyC/KO0VQuqqcMTb4IGK,1364360817
314,Kelly,Cobb,5900548255,001-766-703-1156x328,bwilkins@example.net,$2b$12$yjM4GLnLIwIAPO4ZyC7t7uNzR2Uu6CTt.R5TrFnQt0p7iVtdJPJl.,1364171855
315,Ashley,Webb,9007314999,001-651-729-4251,pduncan@example.com,$2b$12$wMjELUSxsfjbNC7yM78QLeZ80b4VKp7RR4ibSIM1lYIFrJ6.2Izy6,1364794226
316,Kenneth,Campbell,2697930955,437.646.8094x5486,joel85@example.org,$2b$12$eq9vCg3u.d4B2lrW5568H.7cM4sQ3w03lL9OlZ.bJDDiJReVWU4fy,1364614039
317,Eric,Franco,1417059543,422-798-3989x27569,stoutmelinda@example.com,$2b$12$07nt.Fv6GEuh1hYpqpw4supDxITtQ05sN1qgkpxiJSl8ccuP8DEuK,1364208450
318,Marcus,Bass,6453902540,851-486-6890,carterjacob@example.net,$2b$12$QTyDIw2gGQUMMGXy0TYd0eyU.IDzIWJ1nBLJvy0G72K4c5Bs9tg8O,1364345674
319,Jason,Dunn,8728511155,001-821-556-4252x9250,terrance98@example.org,$2b$12$7OufO8Ppnv2Gm31H..jHju4I3xuSZ/EdHBYHDVweNCuSWmeKX1ye.,1364000242
320,Taylor,Coleman,0885270579,001-577-444-9806x923,katie05@example.com,$2b$12$id5Gc6ZDmx2cVE6sPZr7kuF6CXWOyW5qpQalHnkamObNK5quRuCZe,1364726619
321,Tiffany,Johnson,3399002689,217-736-6027,reynoldsjoseph@example.com,$2b$12$eu3tiK1L/NbyQ2h82MX08.dNGlQnWHsX5H2oPFXtBIqLsFblV3ah2,1364239600
322,Travis,Freeman,1106276570,001-654-329-6325,jnichols@example.net,$2b$12$41G1q8PKrL1m8GtmNZiDE.QWLj4VbC0tPciVzVXrjlOjFJP461SPu,1364112093
323,Samuel,Wallace,3755108656,645.833.6709x473,andrew28@example.org,$2b$12$avgSsRXoVM2Zj7EBK1R6k.atXhAGLl9IbFk0iMPaUd/wBnqsA3TXy,1364755324
324,Andrew,Smith,3330269408,840.921.1496x40777,wmcintyre@example.org,$2b$12$z7wsDMa3Fd/9HWKh3vBXSeDwxY2ODbdA6evTpc.GW5KNOK0sD7DFy,1364662944
325,David,Jones,4692531901,+1-351-947-1881,michaeldavis@example.org,$2b$12$Cw3coF.v359zmoLfW5ZFYeRBaK4OVFIEtHmbgLtLOo35fb1ngFgee,1364566639
326,Anne,Perez,6060106148,362-306-8794,imaldonado@example.net,$2b$12$4kxXmdA9ndTGU.CocptV7.NIW62I1Qnv6jiT3vbuNxeJRV22E0KKW,1364233124
327,Erica,Burns,9413868453,426-887-9620x30173,vmiller@example.net,$2b$12$dtxDma7eGWxfB7qebSgaZuJ24NPi0pwdQGRJ6MPJ9nzB.y7f8hbkm,1364733657
328,Tara,Adkins,5045033703,(587)710-9549x61386,evelyn72@example.net,$2b$12$xqPbKBwA9i7r8azQVHH0tedsr5a8Tq4v6UrlugwQW92WxT3UD2mRi,1364624018
329,Robert,Morton,0841527276,+1-378-794-4833x45826,nicole88@example.net,$2b$12$YlNqOcQTBdvWjS9DaOb5kedM5Xgwgh/RkunAYJVNLJRIrNChp5EjO,1364605877
330,Jennifer,Simpson,5229588582,001-588-331-1195x0859,jasonwhite@example.net,$2b$12$yj9oZKgYnpx9Ght3Nlu8DOKRZgitJnosHLbi6G7whgXkUDEwv7rB2,1364013146
331,Amanda,Anderson,6184765351,001-395-325-4217,dennisjames@example.com,$2b$12$OvgyvNAMX9YOyiPLmbzPF.EhDFW6RXdJgOx38NZn.vvcHWb0xc3dS,1364996387
332,Lisa,Davis,7397946214,001-906-219-4424x012,perryshelley@example.org,$2b$12$DmF9Z.RX8IZvnGI9pRz1IufApNel3D9fQSrEVOpqJvG/Z0n0f9PM6,1364076890
333,Crystal,Nelson,8972230904,+1-457-273-2533,nmartinez@example.org,$2b$12$2ECo27NxG1b//jBQMsHWYe2lQxhaYH6eOpKnfX65Lwbb6k6A04YOG,1364127242
334,Robin,Moran,2550883729,889-487-1688x4490,jason05@example.com,$2b$12$8IKc18Wls4.SCDZFTZOba.7qKCIoD3uVBOOTgCMZBw78VOr6SrCZy,1364939972
335,Brandon,King,7784064320,001-906-550-7338x112,qwilliams@example.com,$2b$12$eknORyaqfon3IyDiFzXipuMnqJ2oOO/X9fIYmRL3uj34qOe21c9Ge,1364997839
336,Jennifer,Vasquez,1735824138,(681)537-4121,kevinrose@example.com,$2b$12$r8kn9HysKelAORgHvEqv1.aAD140.2g6PHI.cSB/dzFB1UT5bI50K,1364866540
337,Joshua,Powell,2789849175,+1-378-254-5144,samanthacasey@example.com,$2b$12$nXBN033Nfz.wtUIEkSHy..CO6m3isZqmX9Uo.Kdyu53rA.EVrvIk2,1364200718
338,Julie,Williams,2960495954,5257196338,herreralaurie@example.net,$2b$12$So6hkhDffOIiBdK7pSEx9.t7zmE.ea.ybehRY5sjjJjyxkKXEOTVC,1364041120
339,Rhonda,Harris,8865692208,(831)646-1797x4525,qjarvis@example.com,$2b$12$o.sRGvIFJ10HR8yJsj.07O75rJvN6Mo7u9A9zIR7MlulvEKi71Kke,1364688538
340,Sherry,Walter,9942899830,(381)321-6169x929,joan05@example.com,$2b$12$QAN22/ugnLcvoP2ID/9DluwV28IYVsFsOkznsVG35GmQDnJTRfeWq,1364003209
341,Jeff,Ruiz,4487143294,792-553-8161x5957,kara15@example.com,$2b$12$60GI61lDHAhMfO3xpRDHiOhYm/qOnlBzOvWXzvbff6Ze5OU7OSKOW,1364684540
342,Timothy,Sheppard,4287640434,6453759064,rcarroll@example.com,$2b$12$mmWb/JXZB4ICwK1l1L2ByueZPSe2kH/G0DSC22yE1gljz95u0GIHq,1364046715
343,Daniel,Davila,2570733376,608.702.9652x95620,smithlisa@example.com,$2b$12$A1TD/SWepkhX1Cz3zqS6Fudx/QUEtuj8XPUnr7cPWQdhl3nGfxVVy,1364735795
344,Cole,Downs,2030237929,866.634.4188,daniel78@example.com,$2b$12$T8Rvrd7KytAtlsvQ/EVhdO7Z50C0u.0MlVHN9TVkqPLmwPTrQpJt.,1364002460
345,Richard,Nichols,6199740797,(693)340-3014x91508,tvasquez@example.org,$2b$12$6h/SP2ouQ8xjF16uKdnYFuQ1aFtiZ.NiPicm1VxFjMYQSeh.sjlhC,1364362691
346,Crystal,Taylor,5698830004,5353213249,samuel78@example.org,$2b$12$MX2Cu0o/ODypILLG0.P8HuK5Ji4T4F5OyfO6rQluiNrn557Ohc4fe,1364228108
347,Diana,Tran,9384019781,8387677410,juananderson@example.net,$2b$12$Hv4yoTmalWjnqadkDaKGYOvIAKvAGCiZ58XPWnLgspfxPDV97WDqO,1364668748
348,Carolyn,Mcbride,7065983060,(546)813-5532,holtcathy@example.org,$2b$12$LnpN2Bfbv7nLd816d7rC4u491aByp7zuwPsq8O1JTiHTtRWRSrizW,1364864435
349,Derrick,May,4296862075,001-285-634-7703x602,lesliehunter@example.com,$2b$12$7BUtAKe/29J9CCXMZUfqneYfP1n2l3QpYu3mL/K6gZkTPf8ZdqBNy,1364470614
350,Johnathan,Sanders,8683822933,543.605.9549x8056,jgoodman@example.com,$2b$12$MTwbWmHaAR4BbbLNEaEzSOYMWh7oZH8viTZZKXpcsCrqIsNo6SSKu,1364790905
351,Angela,Johnson,2245584001,312.508.8583,bryanprice@example.com,$2b$12$WvxxdT058zTqK1LF3/EVYuVIV53PuSplvPYeqh/tTufSTFEgMdAjm,1364326640
352,Keith,Anderson,7602592764,260-524-4481x937,zmartin@example.com,$2b$12$362G/93EXAgOYZuVN2EYKeXD/FYZlTa0EgVP525I7MKJeuuI4MuDy,1364085966
353,Thomas,Sanchez,8313450009,(681)982-0260,juanmartin@example.com,$2b$12$4w8qlqwHXXNYz0zvcrUKyu3HlyTSMREM02Pcyz4Q2asiT59gJ3WiS,1364461163
354,Stacey,Archer,6917138049,484-433-3596x7508,vincent70@example.net,$2b$12$Fw7nTRWnDqNG9GeeQWAggOBoD/2Wx5cxZzOQYrDu601TkT0DI2jjW,1364542336
355,Roger,Miller,6887314405,+1-355-554-8950x685,wallen@example.net,$2b$12$2q21X.Q/701RHrlb7PKO/uVXD8.HMMYLgCFtmqjvzS.WCeIZwtkVO,1364830111
356,Paige,Baker,4466917442,+1-751-850-0847,nshepherd@example.com,$2b$12$xwrT1JB1LsKvOKCmjk4JlOxVB93uwQuCK5livpr.Ve.DdoaZRiMJS,1364461971
357,Jessica,Mitchell,2988187863,+1-994-947-5752,rileyjacob@example.net,$2b$12$HUR1snVJ9AU7.7ZcZYmDAuNKJl950i9EsX4fqfV7SFTgoyTCnJhzW,1364243164
358,Tina,Hopkins,7161050583,824-968-0104,weaverjames@example.com,$2b$12$/jOBgMNEKrwn6Fpf.dKvqOGiliyvWwXbLtMMQOcZ1L4MsiVwKuePi,1364240166
359,Diana,Stout,7629892384,975.833.5611,gblankenship@example.org,$2b$12$b737lWInJCNCBP1QJ9EcneWdnCb2v88hHNrxi0GRCy7YihdB41bda,1364199475
360,Katie,Porter,9179555722,+1-372-212-8960x852,tanya38@example.net,$2b$12$6K.pFzB3HC0ML9xl4uDzdu9sfJz1IjiP8lyVUFv8F9SSMYRZLjutG,1364540672
361,Chad,Hendricks,6257805806,773-764-7227,bonillatracy@example.org,$2b$12$OY7tGs34V8wjp0IquiS5oeeZe2UpBZhf26LF/YPfOq36hLSepdeYC,1364476007
362,Kenneth,Wells,6429473630,356-856-5539x25788,kerri60@example.net,$2b$12$glKSnlh75MX9uKa.hb5xkee02KOxNtOyVoduP7IByhQ89fP5/4zTW,1364072799
363,Scott,Miller,9565403917,904-272-3911,ronald03@example.net,$2b$12$BDMfxV1QggyjMEVDOwFCP.MmvMcJGL1dfT6E4j.XAEzO/z77NCnem,1364947990
364,Bryan,George,3491310873,+1-390-257-9248,campbelldouglas@example.net,$2b$12$rYI9US8H8a5sC4LzSdEKXeQRnW6bA0CxwMhl4qhs50zr0QHcRV/Sq,1364330823
365,John,Carson,5804164441,+1-661-593-0867x5161,hharris@example.com,$2b$12$9TXwzmSze8s3hxc/1KeI7.3VFdblWRyUt7rN297arfPwohafOEFBW,1364318823
366,Jeffrey,Tanner,1276884093,001-973-619-3494x137,veronicakelley@example.com,$2b$12$1cxT4zgLPhDfq6A1nW5GouLOOdToiPCO6LCsRnx9gXUlipfex06vq,1364428326
367,Brian,Heath,7286150353,746.258.3086,carlsonerin@example.org,$2b$12$mcV6.nMZGGdVP5i2Mfr6SOOzJUiqodDN1NQAb9soS6cAyT/1RO30C,1364567758
368,Philip,Rios,0860817406,+1-994-530-6030x26547,ryankline@example.net,$2b$12$XcsdSggvn/WZhNGeP2j1ue8RZmRC2xxDSI2muZf.qyOhiZkebqfLm,1364576368
369,Andrew,Johnson,2287464270,825-710-0332,john24@example.org,$2b$12$BWJHQwWmZSoV/2H9kaOPOe27BZRpWj7y4ovKDqKkPYiNH0lWaWwGa,1364732883
370,Daniel,Hughes,4361171086,001-699-389-4624x2984,trujillojeffrey@example.net,$2b$12$JX8EGpDIjFQx0qOjtatvquaoBzzdZbEkG4GSsKcyqyW7/0lOY8zjm,1364033031
371,Andrew,Adkins,6569229046,619.558.4587,vflores@example.net,$2b$12$p4qSW5HVoA0XZfFqC0ZuJufmSfrehWgUiezKvuwOB.2TNLEemCJVi,1364837477
372,Trevor,Dixon,3891016315,(214)952-6660x444,brandon93@example.com,$2b$12$i6hv/jfShG0Tfv3WzUsfmO2KTAwKeG0xuCMimglJvj04YJGmKyR2S,1364980803
373,David,Hester,2335049741,4484680021,angelpeterson@example.com,$2b$12$BFz/Rr0a1efUy829Z3uxY.xzCyI5px.Qzk1zintjxlzn.vtFVVi/u,1364816027
374,Karla,Oconnell,9297785341,5558947465,reginald09@example.org,$2b$12$gZDvRZeZrQH3jdGNUwFxK.FKdFTaZ.ZeKo08D2XruxWjxSBswhrK6,1364471861
375,Christine,Thomas,9209971602,(266)423-8762,alyssa16@example.org,$2b$12$jh/knCyaYM5bOD/zo4GuSOb1DHALii.ey6ukPtGHxnsU5z8S5aq.i,1364153811
376,Karen,Becker,2252468312,001-789-487-5773x441,davisshari@example.com,$2b$12$dtjc4Nq.tCcmZU3iQn7HZOFM1udfqLEzChJwyU8XeZBBKMTRwnIQe,1364597620
377,Mackenzie,Curry,0164153013,+1-339-727-6122x968,stephaniehodge@example.com,$2b$12$gro8vxLSciBKqFHhsTIIVunhb4dua.K.uzGxoiGGagcJG0lA2F/OG,1364695165
378,Patrick,Johnson,6800799945,+1-234-290-2998x06220,jennifer78@example.org,$2b$12$B73i7pwTsRiiJQMcC.ToCeTQAkHuxEhFVKM70h77FGQRjwC0OfIoO,1364345684
379,Elizabeth,Gallagher,0832545411,+1-241-628-8832,jeanne35@example.com,$2b$12$kVprIR.oBKb9/MUbE0E8rOeyItQFhq8ETmYaYluhuSXQ9kHuNb1SO,1364383489
380,Melinda,Fletcher,9850110068,623-780-2654x667,elijahboone@example.com,$2b$12$7JRR6U4tO8rkSJUyY5vFWONv4x7mhiwd/ZELDFDk.cDH5HynSKyL.,1364531120
381,Kelly,James,2110124354,+1-859-645-3133x68545,msimmons@example.net,$2b$12$p7aRCHs7T/r/FZ0wc9edFOlxKib41jPyntObs8Wn/6O7NkaUgyBA.,1364707291
382,Bradley,Richards,6945398653,524.912.9688x809,montgomerymaria@example.org,$2b$12$nZ3qdhiWmJ8fBu3tBS.mBeVpxDZ2dutyrdkJtuqqa1NTgO2nUZ3mq,1364062486
383,Anthony,Graham,9290768341,997.449.7180,robinhicks@example.net,$2b$12$Xv1.0S6nsVzqo7iP8ouNqe7dmlXUcJTVxf0FWod8fbUv/9YpgS1Au,1364625820
384,Caroline,Vincent,1035906083,001-317-850-1463x855,navarrorebecca@example.org,$2b$12$.yeGvDjoqHuIqkJQYWm6eOkgAZHLNyNj9HTHR6As.0CIPXcHf3Uu2,1364475727
385,Donald,Jones,2853349395,001-701-501-1172x96563,adkinsbecky@example.com,$2b$12$gWlTIWTX2dULhxfDqxjYaO4fmqGpBNTmHnm/TAZJKqGJ8oIN8Fc0C,1364026409
386,Christopher,Austin,0624584814,830-204-4165x072,ddavidson@example.com,$2b$12$d2o2BcIf0ecORkRlRgDlpO09m66vf8fShySDXm8lwatTHxEcsslD6,1364790492
387,James,Gallegos,3029985486,(246)975-3113x340,lindacarter@example.org,$2b$12$EofVMFtalBwKs6272MbwNuRAEPNKbTNoUj5oRQej5Akj2ceaJd4K.,1364863300
388,Ryan,Robertson,2889270336,001-955-573-7352x663,qcarpenter@example.com,$2b$12$LB0Dqmp9Sb49Fws9jKrOpuujvTdoEeFqaWHK3l.sS2PsO2C.1p/0y,1364737765
389,Juan,Shannon,5227303009,(924)740-2143x2441,christian51@example.com,$2b$12$6HZ3Bab3oJmHPOOGdmC8H.pqbYpNAhXqS4GiaLfXzmpM0nt4guCT2,1364053905
390,Tammy,Hicks,5450635910,+1-559-731-1474x674,clarklisa@example.net,$2b$12$smpNFxlloT9/kNu5j.QhTeJY3OQ5Dtx.1ZUatLWMF0.u7GBzYFXVK,1364811524
391,Faith,Suarez,4027529836,001-461-803-0771x2092,connermichael@example.net,$2b$12$2Lgjs7wbXR2aqIEXxs347uURMMzbXdQ3n60z3eWaJQDakoZ2rwYmu,1364515692
392,Robert,Richards,5677893662,682-617-4341x51642,kreed@example.com,$2b$12$9HOz4QhM85uBJ5.m3CF/MuOtikdQWHaN1xlrBw7k26ycr8xCqTqj2,1364485386
393,Danielle,Curry,2268662445,(394)640-5724x2135,kevin91@example.com,$2b$12$heD4B91BE5Aez/HKrUzTYuZD18wsa5tKhKwTvMOqnPBtfiBY.X6kC,1364361980
394,Edwin,Nelson,3797738437,943-913-9549x31896,hcummings@example.net,$2b$12$6tvPAagDD1ExbrOg7wlIgOvO7IJqyTbp8lwAfdZH/dJNtI88E0vCm,1364136501
395,Nicholas,Crawford,1251514584,4076318497,kimmatthew@example.net,$2b$12$8HG/96nci6zCtnoO9XNCXOV5XGJv8rpJjr7kDYOk7GMqxA4YOu2za,1364710033
396,Dustin,Williams,9364521505,439.830.9966x682,susan13@example.net,$2b$12$aCXU4.myDu/qVEOetNe0LedbBGsJ9Q/lr14mgpYS41YME2C0b5o26,1364278589
397,Jesse,Vasquez,1617503113,248.854.5803x21956,chungfaith@example.net,$2b$12$nNYCJy4czBRapMplmxFjTe77vX1SjpGbZUfS0I69THwjfNP6UadaS,1364756203
398,Joshua,Smith,2498101669,(590)236-2289x42506,lisasmith@example.net,$2b$12$ouzdiaTLs79PvExVJigttOcqrDi51Wm6uZ0B7QZ1DBSd0rHoGRC3C,1364854942
399,Tammy,Allen,6813069664,493-595-7433x6564,urivas@example.org,$2b$12$3vWaN82TD0vNikY7d3.0leEKqcYHMg9PE2o.x7d4U5ydhg/VuKhHC,1364001152
400,Richard,Lucas,7386270499,+1-637-592-1011x62023,gregory20@example.org,$2b$12$rz6odi5w08fScItbQemSm.xVn9B/KWrHILQhtylCRsdhQFsheBEc.,1364836717
401,Heather,Bowman,7660139513,(945)357-4387,harmonjohn@example.net,$2b$12$vIuynTTyaKomd8Ys4Knv4umZfEUiPzcvQVq3GVDAvaxDb3y8rjR.O,1364349532
402,Timothy,Chapman,8416093799,(697)435-7051x47233,michaelshelby@example.org,$2b$12$COgsiD2yPD1gu14cnZzbQuYpHZJeTJvbBTQ77xUzcU4AJjPLAxbmK,1364421592
403,Stephanie,Perkins,4265073708,376.434.4423,patriciavega@example.net,$2b$12$GvkR0Qkr/OJfLnBQVr1yCOcbl4yJ72wWKQlPcq/93pgPay28oOV7C,1364941323
404,Jill,Logan,7929254411,806-823-6858x8653,qwong@example.net,$2b$12$FPDpPhoXglum22o6ifA.DeJmFJMjHCbSeSRHZjcS7qOMXxy.B5jOG,1364527291
405,Edward,Wright,2814146823,207.990.3051,nicole40@example.com,$2b$12$TFK1jvdFzn4YZv5TB9xi4.z4F7jDKhCQwRNlFAPnmZVN7qpmk2ZXu,1364489300
406,Keith,Nelson,4684449095,688-475-1039,dominicbrennan@example.org,$2b$12$DlIu3DFCQtHSOekoiV.J..o/TFtKvNZLUySAdWRc1dmjnhTcJBVim,1364809710
407,Alexis,Lawson,3021976794,001-770-796-9425x7840,schultzrobert@example.com,$2b$12$A/gDKRvkTXVEPhRQS6cBsewbDZfDCdN61oSynLSWONziQLLTRFN82,1364980286
408,Sarah,Malone,9836917400,+1-849-275-9964x72694,bryan49@example.com,$2b$12$BU.PQiirBfIaT8iF4hPya.ikvUvEleIvjziHgusz/3QD.THE3NI2S,1364349317
409,Dennis,Hall,7689749177,+1-490-423-2613x2876,schroederzachary@example.net,$2b$12$xJnCijdfsL6tpM5oH35lzuXgac88.rXYf89Aw9GZldRpNCs93FvTm,1364156071
410,Pamela,Castro,7771747332,(545)327-6397x1025,fhall@example.org,$2b$12$R3XlYznukRJyYZD5PHUNHewMTJUAiH3DC.9kJa1BWwArSC0ErG.va,1364211135
411,Nicholas,Ryan,4124767013,+1-909-553-3778x357,bondbrian@example.org,$2b$12$dQL8nfo1znmDl8KrMFkOBenDrqylxK.G5ZC9QtYi/8WnbNn3XjfWO,1364732749
412,Alex,Thomas,0564362946,671.968.0951,dwalker@example.net,$2b$12$iQ1ugna78BeC28YBSjX.5.61YryhppQmRVMfO7R/pAAk5f5Evc0O2,1364677033
413,Megan,Davis,5229185386,001-867-735-7476x41624,aaronbarron@example.net,$2b$12$W7s3.PQDtE8LbQ2b/tJZF.NPFHH1qzGEuNN9oGGjvJdVA0icfazRu,1364307046
414,Sean,Garcia,5629333876,261.328.5880x880,ianjimenez@example.net,$2b$12$mwhkHs2zMACBRsTZLkm14uJTyNiSag.NgRCz9ggi.IjtN9JZBrImm,1364613179
415,Alyssa,Smith,2876733831,4276526370,jimmymoore@example.org,$2b$12$HgAzBgzD9hTyXQ4jJG3JxO8m88YxyYU9nSobS3WyLx/Mu74aGXq.O,1364617875
416,Michelle,Pope,1357400998,001-863-862-5627x46550,ldavis@example.org,$2b$12$NhAZj6g9OLsztvvkY4rv7.syl9STKH3LbeGvHSDpNiM3vtULCkyTS,1364046368
417,Jimmy,Boyd,0839977571,(512)621-4169x8849,iyoung@example.com,$2b$12$E5iTq6.D0pu0cukZM/Kwm.HE6okquSk2X5BpUs6NSHYFUkQ19AE9K,1364002073
418,Richard,Smith,5649922862,+1-765-452-9497x8513,ryanberg@example.org,$2b$12$AznhDmNFBfzkNWJJhZxZOuQzh2vFCWu.6.BUYWiM8tqtROrv80tkW,1364554931
419,Abigail,Washington,1626560079,250.891.1840,michaeljohnson@example.net,$2b$12$zbywWJvG39qIlPVQ//Ua7eqXgQ5/sPmrhpXftePMEmIhmkfc0o8c6,1364728682
420,Melissa,Heath,9088000180,967-337-6531x323,lreeves@example.org,$2b$12$T2rtcqS3yAHtb974geH5cO9FQp8v021gdBcOmzRv5EetkaT3uLX7i,1364019952
421,Michelle,Olson,9199868814,3595736899,nicoleconner@example.net,$2b$12$47BQZzE7P.k7VX6CX4Zj/uKKosqtF..YnHkarIXFkuqWYfmRYyLWG,1364459506
422,Bradley,Miller,0417485345,530.979.9586x330,xwashington@example.net,$2b$12$hxO55YqGgICK/zq2K6sFwezSYyMPpCB08ESEN0jpWfN48f9n1ywJC,1364862389
423,Christina,Cox,6166629316,769-340-2108,hollynguyen@example.com,$2b$12$ZVFYHNwiab8T6bHmCVg83.f0FJMwZK4XQN/hE26159YC8PydVqZga,1364264493
424,Gina,Lewis,2061091659,(658)538-9981,lisarichardson@example.com,$2b$12$YFUBdU/LcwszET2U72bNN..SHGYeyROTV2SkUVjVl56Tqij8qqMI2,1364080315
425,Zachary,Warren,8267608217,(600)528-8090x564,walkertyler@example.org,$2b$12$O.eArku8wwmKQ0Cosw1ZNenHA6WJqHV3w0gzgFwHPvT2RfeGELLSO,1364136861
426,Valerie,Hayes,5633965908,615-695-2048,chandlerjennifer@example.com,$2b$12$6Y7zFWRVV3FB77FfiZMNi.IyaXeCfiBlMEjEDukZvaLl1egOXRBQS,1364888685
427,Kevin,Austin,8615128339,3752992407,smithbrianna@example.com,$2b$12$UktXbbJmuhPKvcFr33KsceIE05hIP/Lv0rrhL1I0jcS/hK45ynshe,1364540083
428,Walter,Hayes,7735986032,8842139137,rshelton@example.net,$2b$12$ia5kC7V6qPleAguBfFOHB.RExe6vk2CXBGSZ9fLPieHvjEFi2pKZe,1364903302
429,Tracey,Miller,1707548926,534.601.4791x0284,raymondrichardson@example.net,$2b$12$TQRviR7W6bh0e4FikI1nxePYofYX/JbR4Ev45o3MVcxJlHs9uDNuC,1364311780
430,Alyssa,Kirk,9118336425,607-981-3622x441,michellepham@example.org,$2b$12$AAeQMcyBCgx505NyMDwUT.ePhOYLg2COjxTK3cElT040bNaHvJ7Ai,1364321545
431,Mark,Bennett,0938342893,552-952-3120,martin75@example.com,$2b$12$2SROB4hW1P/XPvRRemAsr.iWkjpuw63x0GppSJ/ep1giKq8Us6NBe,1364386254
432,Brandon,Webb,4358287317,001-334-984-1841,gmiller@example.com,$2b$12$WxjL23/m6yByOVZ6j1YuSOg4iP/R5SMy8zaJsHanV2PV3eIPGQX/S,1364093059
433,Michael,Lynch,1904166324,(692)796-0820x178,hporter@example.net,$2b$12$P58fJ3T3.M67CBm4Jhw71Oc3sk72DJsEF9gDkUWB97.ceYChkme5S,1364849715
434,Anthony,Johnson,1464665959,5323044413,longmelissa@example.com,$2b$12$RX.MpIFyfxar9qWOxe70HeBpNKicCUfy/rk2cc3kCdD7u7LvL5O.G,1364220852
435,Kristin,Miller,5575670857,244-868-5756x2684,wendysweeney@example.org,$2b$12$M3J1OxNncMllmtJ8g0tnoOe3TVjM27h0ZPEogHV1DpRc47MhgZSeS,1364942661
436,Kathryn,Davenport,6450561674,001-436-485-6044,johncrawford@example.com,$2b$12$P9qNfouKyKEfFSOqlPBjcuBjWxFOiYoYZyIr25x3IyrBfGs.WLRzi,1364115128
437,Wendy,Lopez,7846174006,(622)676-5917x628,singletontamara@example.net,$2b$12$KRYXK0deGlE973Q30LcIl.hccjlAeOXtUMj0YnecUdtaWxJXHc8k6,1364251992
438,Kyle,Wallace,3161920398,478.855.4622x654,rzimmerman@example.net,$2b$12$TfuEWmqhxwEVTmJPnpJHSer0ekBE7dUvGGrF1YgtUURP/W0NAWjvG,1364571429
439,Gary,Davis,5246356542,+1-864-519-7604x1057,johnsonrobert@example.org,$2b$12$N/zd5nRGg.ujgDPZsAkGwOUnYmtxLTZakjgLAB7n9Ibf0ez0ipQf2,1364020318
440,Danielle,Craig,0298934060,(516)823-7612,ihughes@example.com,$2b$12$JxuXl44T2P.AAOz3raYU7e/co0/emLAvUuEZH6q3ljCvf2sJyJTYC,1364947262
441,Shannon,Wright,4136689303,+1-245-949-1264x198,hdean@example.org,$2b$12$L/OQ7J0zUkeLrxltUp9s.u0h.xHprx.ndCvobWJs9FyDJu8CWhVvq,1364048675
442,Ashley,Dodson,8162851164,(334)934-7665,wnunez@example.net,$2b$12$/PEUy1qPbzEsGB7kE7X.luki1NecWtz1YZNpGcENjweaK7kUVt.kq,1364350931
443,Sandra,Harrison,2859140756,+1-279-916-1656x223,qnelson@example.net,$2b$12$EItfuT5kkKugLktfkuzXi.caJPn35f50j5.wkm0QdyAszH2m8MXAK,1364495024
444,Vincent,Allen,5351444546,981.610.4150x927,katherine15@example.net,$2b$12$HhpGaoOPsThityrhN80JwO6opW/KWcwAiIWgc/F0FUkE9d6xkCHYa,1364310563
445,Tracy,Perez,3799537025,+1-838-223-5853x69179,duarterebecca@example.com,$2b$12$qOOSEnQTG3.BGCO58nYm9O9hDyVveY0rSbiy2Dds6U/W2vAeC.Iea,1364272105
446,Deborah,Williams,5023715303,(622)713-3009x270,vanessa18@example.org,$2b$12$5qUvySUx2tCyk7kYmMu2NOwPYxqaIxNxR7aIuWfa5BB7.kTuvujnK,1364142040
447,Michael,Savage,2258967760,001-357-627-6045,hcantu@example.net,$2b$12$hXBSDoc/HpOUUOE/VKH7Hu8.lMsJmUNoWcO/arSrqKWXyihauRu.2,1364175111
448,Brittany,Williams,3208601890,(933)861-2519x63042,zhall@example.org,$2b$12$kabbxkSD9DqhuMXoLIlKCuBKCyEqkkWwpLx/BWaUWw5qtRz4ABu6y,1364424557
449,Chad,Rosario,2989230225,(988)456-7573x418,hunterbrian@example.org,$2b$12$4V7I3IYP/HRXE2NtKk6pfufLm7REqeI7Uu475vyo6GIyKH4QPumVa,1364177562
450,Erica,Johnson,7539490749,001-891-426-2683,heather71@example.com,$2b$12$7tWtIIuD/dVRgL9U4pdrPe8rxDVg/uboSIrQIex8CQs9Lt7YTbA3i,1364403810
451,Rhonda,Lewis,2628428790,906.887.7319x7430,heathgilbert@example.net,$2b$12$JAj8AEyiHT/SxpIXQPhCHOv.sP9idv6uJhhtW04e0gxSYJl.PXYlm,1364616917
452,Nicholas,Chavez,0677828909,(963)599-9323,michael76@example.org,$2b$12$/yVrgQBBMDaGuV3C3nbYJuypN3UDGDJvLO3vXjkN.pd4uMMczky.u,1364982101
453,Theresa,Calhoun,6752061886,870.887.2515x19064,stevensluis@example.net,$2b$12$ZE5zk/q1Fqkcx5mg1hcjb.Y4aWtHPDYrfWHw6YK7VUFZVcohZR9W2,1364819342
454,Jennifer,Reynolds,8551354285,001-777-738-2385x853,ycummings@example.org,$2b$12$96XnPDlMVkQkbwmZ6JuFRe9Yw4BAFEFDuYOaVNi3XDBjLXc6g0lLm,1364456740
455,Andrea,Mejia,9156055526,522-960-9302x9108,max55@example.net,$2b$12$xnr/gHivbl0nz3q/gPk47uzjkczEQaiVV8NmV2.o7NV.dkSri4XEC,1364304938
456,Jason,Grimes,7836298403,(891)559-8055x5501,shepherdjohn@example.net,$2b$12$6vyZxSmx.QbMY5FKAjObRe9xwGip24Mrz.PMMNJMz72sQBoep/Ou.,1364370217
457,Destiny,Strickland,9589439840,553.895.0785x301,qwagner@example.org,$2b$12$a2C//5xxlfOHvHBtfipqhOmMYoc6fb5HlToh7yUwqjZC1SeQ2A9yS,1364425405
458,Vanessa,Reilly,8833866710,001-459-332-1642,ruthmiller@example.net,$2b$12$tEa25wVj4WNNo80Gzq1zB.j/rKw/n3z2AGy/mj80tUE7h0BCeHfEq,1364681484
459,Andrew,Foster,2901074095,599.624.3164x792,jenna85@example.org,$2b$12$gvs8Xm6qyUezeEiwOrmCRuEeMdWJufoM/B0bqwwWHJjR4Rf5dc/Ru,1364184817
460,Thomas,Wilson,2924874385,(650)730-3125x629,timothy51@example.org,$2b$12$k/p/DgewxGINSPQxt8uEo.VzJMYg4GbbNn2PaDhqZVoCzJCCk2cRy,1364000864
461,Maria,Rogers,5033178412,530-420-8768x0421,lindsay71@example.com,$2b$12$Jpag/fjzyzXnvHfbi1FkkOwl4HLgSkRpI9AxWv8ZT7i9LgXS/t3n6,1364125839
462,Brittany,Carter,3600339602,449-768-3135,jonesdavid@example.org,$2b$12$Rr.jJmJLip/V6FbW/kmhQu45F/LTdKoVUS5PuFc9ZFsCqGhqao4xu,1364721495
